GO
SET IDENTITY_INSERT [dbo].[Attendance] ON 

INSERT [dbo].[Attendance] ([ID], [Status], [AttendanceDate], [Section_Id], [Student_Id]) VALUES (1, N'Absent', CAST(N'2025-03-07' AS Date), 10, 1)
INSERT [dbo].[Attendance] ([ID], [Status], [AttendanceDate], [Section_Id], [Student_Id]) VALUES (2, N'Absent', CAST(N'2025-03-05' AS Date), 10, 1)
INSERT [dbo].[Attendance] ([ID], [Status], [AttendanceDate], [Section_Id], [Student_Id]) VALUES (3, N'Absent', CAST(N'2025-03-17' AS Date), 10, 1)
INSERT [dbo].[Attendance] ([ID], [Status], [AttendanceDate], [Section_Id], [Student_Id]) VALUES (4, N'Present', CAST(N'2025-03-03' AS Date), 2, 1)
INSERT [dbo].[Attendance] ([ID], [Status], [AttendanceDate], [Section_Id], [Student_Id]) VALUES (5, N'Absent', CAST(N'2025-03-11' AS Date), 2, 1)
INSERT [dbo].[Attendance] ([ID], [Status], [AttendanceDate], [Section_Id], [Student_Id]) VALUES (6, N'Absent', CAST(N'2025-03-24' AS Date), 2, 1)
INSERT [dbo].[Attendance] ([ID], [Status], [AttendanceDate], [Section_Id], [Student_Id]) VALUES (7, N'Absent', CAST(N'2025-03-16' AS Date), 9, 1)
INSERT [dbo].[Attendance] ([ID], [Status], [AttendanceDate], [Section_Id], [Student_Id]) VALUES (8, N'Present', CAST(N'2025-03-05' AS Date), 9, 1)
INSERT [dbo].[Attendance] ([ID], [Status], [AttendanceDate], [Section_Id], [Student_Id]) VALUES (9, N'Present', CAST(N'2025-03-19' AS Date), 9, 1)
INSERT [dbo].[Attendance] ([ID], [Status], [AttendanceDate], [Section_Id], [Student_Id]) VALUES (10, N'Absent', CAST(N'2025-03-07' AS Date), 10, 2)
INSERT [dbo].[Attendance] ([ID], [Status], [AttendanceDate], [Section_Id], [Student_Id]) VALUES (11, N'Present', CAST(N'2025-03-14' AS Date), 10, 2)
INSERT [dbo].[Attendance] ([ID], [Status], [AttendanceDate], [Section_Id], [Student_Id]) VALUES (12, N'Absent', CAST(N'2025-03-09' AS Date), 10, 2)
INSERT [dbo].[Attendance] ([ID], [Status], [AttendanceDate], [Section_Id], [Student_Id]) VALUES (13, N'Present', CAST(N'2025-03-27' AS Date), 2, 2)
INSERT [dbo].[Attendance] ([ID], [Status], [AttendanceDate], [Section_Id], [Student_Id]) VALUES (14, N'Absent', CAST(N'2025-03-13' AS Date), 2, 2)
INSERT [dbo].[Attendance] ([ID], [Status], [AttendanceDate], [Section_Id], [Student_Id]) VALUES (15, N'Absent', CAST(N'2025-03-16' AS Date), 2, 2)
INSERT [dbo].[Attendance] ([ID], [Status], [AttendanceDate], [Section_Id], [Student_Id]) VALUES (16, N'Absent', CAST(N'2025-03-25' AS Date), 6, 2)
INSERT [dbo].[Attendance] ([ID], [Status], [AttendanceDate], [Section_Id], [Student_Id]) VALUES (17, N'Present', CAST(N'2025-03-07' AS Date), 6, 2)
INSERT [dbo].[Attendance] ([ID], [Status], [AttendanceDate], [Section_Id], [Student_Id]) VALUES (18, N'Present', CAST(N'2025-03-08' AS Date), 6, 2)
INSERT [dbo].[Attendance] ([ID], [Status], [AttendanceDate], [Section_Id], [Student_Id]) VALUES (19, N'Absent', CAST(N'2025-03-23' AS Date), 10, 3)
INSERT [dbo].[Attendance] ([ID], [Status], [AttendanceDate], [Section_Id], [Student_Id]) VALUES (20, N'Absent', CAST(N'2025-03-25' AS Date), 10, 3)
INSERT [dbo].[Attendance] ([ID], [Status], [AttendanceDate], [Section_Id], [Student_Id]) VALUES (21, N'Absent', CAST(N'2025-03-19' AS Date), 10, 3)
INSERT [dbo].[Attendance] ([ID], [Status], [AttendanceDate], [Section_Id], [Student_Id]) VALUES (22, N'Present', CAST(N'2025-03-06' AS Date), 9, 3)
INSERT [dbo].[Attendance] ([ID], [Status], [AttendanceDate], [Section_Id], [Student_Id]) VALUES (23, N'Absent', CAST(N'2025-03-22' AS Date), 9, 3)
INSERT [dbo].[Attendance] ([ID], [Status], [AttendanceDate], [Section_Id], [Student_Id]) VALUES (24, N'Absent', CAST(N'2025-03-18' AS Date), 9, 3)
INSERT [dbo].[Attendance] ([ID], [Status], [AttendanceDate], [Section_Id], [Student_Id]) VALUES (25, N'Present', CAST(N'2025-03-25' AS Date), 5, 3)
INSERT [dbo].[Attendance] ([ID], [Status], [AttendanceDate], [Section_Id], [Student_Id]) VALUES (26, N'Present', CAST(N'2025-03-11' AS Date), 5, 3)
INSERT [dbo].[Attendance] ([ID], [Status], [AttendanceDate], [Section_Id], [Student_Id]) VALUES (27, N'Absent', CAST(N'2025-03-17' AS Date), 5, 3)
INSERT [dbo].[Attendance] ([ID], [Status], [AttendanceDate], [Section_Id], [Student_Id]) VALUES (28, N'Absent', CAST(N'2025-03-27' AS Date), 6, 4)
INSERT [dbo].[Attendance] ([ID], [Status], [AttendanceDate], [Section_Id], [Student_Id]) VALUES (29, N'Absent', CAST(N'2025-03-03' AS Date), 6, 4)
INSERT [dbo].[Attendance] ([ID], [Status], [AttendanceDate], [Section_Id], [Student_Id]) VALUES (30, N'Present', CAST(N'2025-03-08' AS Date), 6, 4)
INSERT [dbo].[Attendance] ([ID], [Status], [AttendanceDate], [Section_Id], [Student_Id]) VALUES (31, N'Absent', CAST(N'2025-03-18' AS Date), 9, 4)
INSERT [dbo].[Attendance] ([ID], [Status], [AttendanceDate], [Section_Id], [Student_Id]) VALUES (32, N'Absent', CAST(N'2025-03-14' AS Date), 9, 4)
INSERT [dbo].[Attendance] ([ID], [Status], [AttendanceDate], [Section_Id], [Student_Id]) VALUES (33, N'Present', CAST(N'2025-03-05' AS Date), 9, 4)
INSERT [dbo].[Attendance] ([ID], [Status], [AttendanceDate], [Section_Id], [Student_Id]) VALUES (34, N'Absent', CAST(N'2025-03-17' AS Date), 10, 4)
INSERT [dbo].[Attendance] ([ID], [Status], [AttendanceDate], [Section_Id], [Student_Id]) VALUES (35, N'Present', CAST(N'2025-03-22' AS Date), 10, 4)
INSERT [dbo].[Attendance] ([ID], [Status], [AttendanceDate], [Section_Id], [Student_Id]) VALUES (36, N'Absent', CAST(N'2025-03-23' AS Date), 10, 4)
INSERT [dbo].[Attendance] ([ID], [Status], [AttendanceDate], [Section_Id], [Student_Id]) VALUES (37, N'Absent', CAST(N'2025-03-01' AS Date), 10, 5)
INSERT [dbo].[Attendance] ([ID], [Status], [AttendanceDate], [Section_Id], [Student_Id]) VALUES (38, N'Present', CAST(N'2025-03-13' AS Date), 10, 5)
INSERT [dbo].[Attendance] ([ID], [Status], [AttendanceDate], [Section_Id], [Student_Id]) VALUES (39, N'Present', CAST(N'2025-03-07' AS Date), 10, 5)
INSERT [dbo].[Attendance] ([ID], [Status], [AttendanceDate], [Section_Id], [Student_Id]) VALUES (40, N'Present', CAST(N'2025-03-22' AS Date), 5, 5)
INSERT [dbo].[Attendance] ([ID], [Status], [AttendanceDate], [Section_Id], [Student_Id]) VALUES (41, N'Absent', CAST(N'2025-03-06' AS Date), 5, 5)
INSERT [dbo].[Attendance] ([ID], [Status], [AttendanceDate], [Section_Id], [Student_Id]) VALUES (42, N'Absent', CAST(N'2025-03-19' AS Date), 5, 5)
INSERT [dbo].[Attendance] ([ID], [Status], [AttendanceDate], [Section_Id], [Student_Id]) VALUES (43, N'Present', CAST(N'2025-03-22' AS Date), 8, 5)
INSERT [dbo].[Attendance] ([ID], [Status], [AttendanceDate], [Section_Id], [Student_Id]) VALUES (44, N'Present', CAST(N'2025-03-05' AS Date), 8, 5)
INSERT [dbo].[Attendance] ([ID], [Status], [AttendanceDate], [Section_Id], [Student_Id]) VALUES (45, N'Absent', CAST(N'2025-03-26' AS Date), 8, 5)
INSERT [dbo].[Attendance] ([ID], [Status], [AttendanceDate], [Section_Id], [Student_Id]) VALUES (46, N'Absent', CAST(N'2025-03-14' AS Date), 4, 6)
INSERT [dbo].[Attendance] ([ID], [Status], [AttendanceDate], [Section_Id], [Student_Id]) VALUES (47, N'Present', CAST(N'2025-03-02' AS Date), 4, 6)
INSERT [dbo].[Attendance] ([ID], [Status], [AttendanceDate], [Section_Id], [Student_Id]) VALUES (48, N'Present', CAST(N'2025-03-17' AS Date), 4, 6)
INSERT [dbo].[Attendance] ([ID], [Status], [AttendanceDate], [Section_Id], [Student_Id]) VALUES (49, N'Present', CAST(N'2025-03-21' AS Date), 5, 6)
INSERT [dbo].[Attendance] ([ID], [Status], [AttendanceDate], [Section_Id], [Student_Id]) VALUES (50, N'Absent', CAST(N'2025-03-23' AS Date), 5, 6)
INSERT [dbo].[Attendance] ([ID], [Status], [AttendanceDate], [Section_Id], [Student_Id]) VALUES (51, N'Absent', CAST(N'2025-03-13' AS Date), 5, 6)
INSERT [dbo].[Attendance] ([ID], [Status], [AttendanceDate], [Section_Id], [Student_Id]) VALUES (52, N'Present', CAST(N'2025-03-19' AS Date), 10, 6)
INSERT [dbo].[Attendance] ([ID], [Status], [AttendanceDate], [Section_Id], [Student_Id]) VALUES (53, N'Present', CAST(N'2025-03-16' AS Date), 10, 6)
INSERT [dbo].[Attendance] ([ID], [Status], [AttendanceDate], [Section_Id], [Student_Id]) VALUES (54, N'Absent', CAST(N'2025-03-01' AS Date), 10, 6)
INSERT [dbo].[Attendance] ([ID], [Status], [AttendanceDate], [Section_Id], [Student_Id]) VALUES (55, N'Absent', CAST(N'2025-03-26' AS Date), 3, 7)
INSERT [dbo].[Attendance] ([ID], [Status], [AttendanceDate], [Section_Id], [Student_Id]) VALUES (56, N'Absent', CAST(N'2025-03-24' AS Date), 3, 7)
INSERT [dbo].[Attendance] ([ID], [Status], [AttendanceDate], [Section_Id], [Student_Id]) VALUES (57, N'Absent', CAST(N'2025-03-02' AS Date), 3, 7)
INSERT [dbo].[Attendance] ([ID], [Status], [AttendanceDate], [Section_Id], [Student_Id]) VALUES (58, N'Absent', CAST(N'2025-03-24' AS Date), 2, 7)
INSERT [dbo].[Attendance] ([ID], [Status], [AttendanceDate], [Section_Id], [Student_Id]) VALUES (59, N'Present', CAST(N'2025-03-14' AS Date), 2, 7)
INSERT [dbo].[Attendance] ([ID], [Status], [AttendanceDate], [Section_Id], [Student_Id]) VALUES (60, N'Absent', CAST(N'2025-03-08' AS Date), 2, 7)
INSERT [dbo].[Attendance] ([ID], [Status], [AttendanceDate], [Section_Id], [Student_Id]) VALUES (61, N'Present', CAST(N'2025-03-26' AS Date), 9, 7)
INSERT [dbo].[Attendance] ([ID], [Status], [AttendanceDate], [Section_Id], [Student_Id]) VALUES (62, N'Absent', CAST(N'2025-03-26' AS Date), 9, 7)
INSERT [dbo].[Attendance] ([ID], [Status], [AttendanceDate], [Section_Id], [Student_Id]) VALUES (63, N'Absent', CAST(N'2025-03-08' AS Date), 9, 7)
INSERT [dbo].[Attendance] ([ID], [Status], [AttendanceDate], [Section_Id], [Student_Id]) VALUES (64, N'Absent', CAST(N'2025-03-21' AS Date), 7, 8)
INSERT [dbo].[Attendance] ([ID], [Status], [AttendanceDate], [Section_Id], [Student_Id]) VALUES (65, N'Present', CAST(N'2025-03-04' AS Date), 7, 8)
INSERT [dbo].[Attendance] ([ID], [Status], [AttendanceDate], [Section_Id], [Student_Id]) VALUES (66, N'Absent', CAST(N'2025-03-05' AS Date), 7, 8)
INSERT [dbo].[Attendance] ([ID], [Status], [AttendanceDate], [Section_Id], [Student_Id]) VALUES (67, N'Absent', CAST(N'2025-03-27' AS Date), 6, 8)
INSERT [dbo].[Attendance] ([ID], [Status], [AttendanceDate], [Section_Id], [Student_Id]) VALUES (68, N'Present', CAST(N'2025-03-11' AS Date), 6, 8)
INSERT [dbo].[Attendance] ([ID], [Status], [AttendanceDate], [Section_Id], [Student_Id]) VALUES (69, N'Present', CAST(N'2025-03-22' AS Date), 6, 8)
INSERT [dbo].[Attendance] ([ID], [Status], [AttendanceDate], [Section_Id], [Student_Id]) VALUES (70, N'Absent', CAST(N'2025-03-12' AS Date), 1, 8)
INSERT [dbo].[Attendance] ([ID], [Status], [AttendanceDate], [Section_Id], [Student_Id]) VALUES (71, N'Present', CAST(N'2025-03-08' AS Date), 1, 8)
INSERT [dbo].[Attendance] ([ID], [Status], [AttendanceDate], [Section_Id], [Student_Id]) VALUES (72, N'Absent', CAST(N'2025-03-05' AS Date), 1, 8)
INSERT [dbo].[Attendance] ([ID], [Status], [AttendanceDate], [Section_Id], [Student_Id]) VALUES (73, N'Present', CAST(N'2025-03-14' AS Date), 2, 9)
INSERT [dbo].[Attendance] ([ID], [Status], [AttendanceDate], [Section_Id], [Student_Id]) VALUES (74, N'Absent', CAST(N'2025-03-18' AS Date), 2, 9)
INSERT [dbo].[Attendance] ([ID], [Status], [AttendanceDate], [Section_Id], [Student_Id]) VALUES (75, N'Absent', CAST(N'2025-03-14' AS Date), 2, 9)
INSERT [dbo].[Attendance] ([ID], [Status], [AttendanceDate], [Section_Id], [Student_Id]) VALUES (76, N'Absent', CAST(N'2025-03-11' AS Date), 1, 9)
INSERT [dbo].[Attendance] ([ID], [Status], [AttendanceDate], [Section_Id], [Student_Id]) VALUES (77, N'Present', CAST(N'2025-03-02' AS Date), 1, 9)
INSERT [dbo].[Attendance] ([ID], [Status], [AttendanceDate], [Section_Id], [Student_Id]) VALUES (78, N'Absent', CAST(N'2025-03-20' AS Date), 1, 9)
INSERT [dbo].[Attendance] ([ID], [Status], [AttendanceDate], [Section_Id], [Student_Id]) VALUES (79, N'Present', CAST(N'2025-03-21' AS Date), 5, 9)
INSERT [dbo].[Attendance] ([ID], [Status], [AttendanceDate], [Section_Id], [Student_Id]) VALUES (80, N'Absent', CAST(N'2025-03-08' AS Date), 5, 9)
INSERT [dbo].[Attendance] ([ID], [Status], [AttendanceDate], [Section_Id], [Student_Id]) VALUES (81, N'Present', CAST(N'2025-03-21' AS Date), 5, 9)
INSERT [dbo].[Attendance] ([ID], [Status], [AttendanceDate], [Section_Id], [Student_Id]) VALUES (82, N'Absent', CAST(N'2025-03-02' AS Date), 1, 10)
INSERT [dbo].[Attendance] ([ID], [Status], [AttendanceDate], [Section_Id], [Student_Id]) VALUES (83, N'Absent', CAST(N'2025-03-04' AS Date), 1, 10)
INSERT [dbo].[Attendance] ([ID], [Status], [AttendanceDate], [Section_Id], [Student_Id]) VALUES (84, N'Absent', CAST(N'2025-03-24' AS Date), 1, 10)
INSERT [dbo].[Attendance] ([ID], [Status], [AttendanceDate], [Section_Id], [Student_Id]) VALUES (85, N'Absent', CAST(N'2025-03-17' AS Date), 4, 10)
INSERT [dbo].[Attendance] ([ID], [Status], [AttendanceDate], [Section_Id], [Student_Id]) VALUES (86, N'Absent', CAST(N'2025-03-15' AS Date), 4, 10)
INSERT [dbo].[Attendance] ([ID], [Status], [AttendanceDate], [Section_Id], [Student_Id]) VALUES (87, N'Present', CAST(N'2025-03-24' AS Date), 4, 10)
INSERT [dbo].[Attendance] ([ID], [Status], [AttendanceDate], [Section_Id], [Student_Id]) VALUES (88, N'Present', CAST(N'2025-03-14' AS Date), 5, 10)
INSERT [dbo].[Attendance] ([ID], [Status], [AttendanceDate], [Section_Id], [Student_Id]) VALUES (89, N'Absent', CAST(N'2025-03-02' AS Date), 5, 10)
INSERT [dbo].[Attendance] ([ID], [Status], [AttendanceDate], [Section_Id], [Student_Id]) VALUES (90, N'Present', CAST(N'2025-03-06' AS Date), 5, 10)
INSERT [dbo].[Attendance] ([ID], [Status], [AttendanceDate], [Section_Id], [Student_Id]) VALUES (91, N'Absent', CAST(N'2025-03-03' AS Date), 4, 11)
INSERT [dbo].[Attendance] ([ID], [Status], [AttendanceDate], [Section_Id], [Student_Id]) VALUES (92, N'Present', CAST(N'2025-03-08' AS Date), 4, 11)
INSERT [dbo].[Attendance] ([ID], [Status], [AttendanceDate], [Section_Id], [Student_Id]) VALUES (93, N'Absent', CAST(N'2025-03-18' AS Date), 4, 11)
INSERT [dbo].[Attendance] ([ID], [Status], [AttendanceDate], [Section_Id], [Student_Id]) VALUES (94, N'Present', CAST(N'2025-03-24' AS Date), 6, 11)
INSERT [dbo].[Attendance] ([ID], [Status], [AttendanceDate], [Section_Id], [Student_Id]) VALUES (95, N'Absent', CAST(N'2025-03-24' AS Date), 6, 11)
INSERT [dbo].[Attendance] ([ID], [Status], [AttendanceDate], [Section_Id], [Student_Id]) VALUES (96, N'Absent', CAST(N'2025-03-23' AS Date), 6, 11)
INSERT [dbo].[Attendance] ([ID], [Status], [AttendanceDate], [Section_Id], [Student_Id]) VALUES (97, N'Absent', CAST(N'2025-03-27' AS Date), 8, 11)
INSERT [dbo].[Attendance] ([ID], [Status], [AttendanceDate], [Section_Id], [Student_Id]) VALUES (98, N'Present', CAST(N'2025-03-16' AS Date), 8, 11)
INSERT [dbo].[Attendance] ([ID], [Status], [AttendanceDate], [Section_Id], [Student_Id]) VALUES (99, N'Present', CAST(N'2025-03-07' AS Date), 8, 11)
GO
INSERT [dbo].[Attendance] ([ID], [Status], [AttendanceDate], [Section_Id], [Student_Id]) VALUES (100, N'Absent', CAST(N'2025-03-20' AS Date), 4, 12)
INSERT [dbo].[Attendance] ([ID], [Status], [AttendanceDate], [Section_Id], [Student_Id]) VALUES (101, N'Present', CAST(N'2025-03-05' AS Date), 4, 12)
INSERT [dbo].[Attendance] ([ID], [Status], [AttendanceDate], [Section_Id], [Student_Id]) VALUES (102, N'Absent', CAST(N'2025-03-02' AS Date), 4, 12)
INSERT [dbo].[Attendance] ([ID], [Status], [AttendanceDate], [Section_Id], [Student_Id]) VALUES (103, N'Present', CAST(N'2025-03-28' AS Date), 3, 12)
INSERT [dbo].[Attendance] ([ID], [Status], [AttendanceDate], [Section_Id], [Student_Id]) VALUES (104, N'Absent', CAST(N'2025-03-12' AS Date), 3, 12)
INSERT [dbo].[Attendance] ([ID], [Status], [AttendanceDate], [Section_Id], [Student_Id]) VALUES (105, N'Absent', CAST(N'2025-03-26' AS Date), 3, 12)
INSERT [dbo].[Attendance] ([ID], [Status], [AttendanceDate], [Section_Id], [Student_Id]) VALUES (106, N'Absent', CAST(N'2025-03-12' AS Date), 10, 12)
INSERT [dbo].[Attendance] ([ID], [Status], [AttendanceDate], [Section_Id], [Student_Id]) VALUES (107, N'Absent', CAST(N'2025-03-23' AS Date), 10, 12)
INSERT [dbo].[Attendance] ([ID], [Status], [AttendanceDate], [Section_Id], [Student_Id]) VALUES (108, N'Absent', CAST(N'2025-03-03' AS Date), 10, 12)
INSERT [dbo].[Attendance] ([ID], [Status], [AttendanceDate], [Section_Id], [Student_Id]) VALUES (109, N'Absent', CAST(N'2025-03-11' AS Date), 4, 13)
INSERT [dbo].[Attendance] ([ID], [Status], [AttendanceDate], [Section_Id], [Student_Id]) VALUES (110, N'Absent', CAST(N'2025-03-08' AS Date), 4, 13)
INSERT [dbo].[Attendance] ([ID], [Status], [AttendanceDate], [Section_Id], [Student_Id]) VALUES (111, N'Absent', CAST(N'2025-03-05' AS Date), 4, 13)
INSERT [dbo].[Attendance] ([ID], [Status], [AttendanceDate], [Section_Id], [Student_Id]) VALUES (112, N'Absent', CAST(N'2025-03-12' AS Date), 6, 13)
INSERT [dbo].[Attendance] ([ID], [Status], [AttendanceDate], [Section_Id], [Student_Id]) VALUES (113, N'Present', CAST(N'2025-03-12' AS Date), 6, 13)
INSERT [dbo].[Attendance] ([ID], [Status], [AttendanceDate], [Section_Id], [Student_Id]) VALUES (114, N'Absent', CAST(N'2025-03-03' AS Date), 6, 13)
INSERT [dbo].[Attendance] ([ID], [Status], [AttendanceDate], [Section_Id], [Student_Id]) VALUES (115, N'Absent', CAST(N'2025-03-21' AS Date), 3, 13)
INSERT [dbo].[Attendance] ([ID], [Status], [AttendanceDate], [Section_Id], [Student_Id]) VALUES (116, N'Present', CAST(N'2025-03-15' AS Date), 3, 13)
INSERT [dbo].[Attendance] ([ID], [Status], [AttendanceDate], [Section_Id], [Student_Id]) VALUES (117, N'Present', CAST(N'2025-03-05' AS Date), 3, 13)
INSERT [dbo].[Attendance] ([ID], [Status], [AttendanceDate], [Section_Id], [Student_Id]) VALUES (118, N'Absent', CAST(N'2025-03-06' AS Date), 5, 14)
INSERT [dbo].[Attendance] ([ID], [Status], [AttendanceDate], [Section_Id], [Student_Id]) VALUES (119, N'Absent', CAST(N'2025-03-08' AS Date), 5, 14)
INSERT [dbo].[Attendance] ([ID], [Status], [AttendanceDate], [Section_Id], [Student_Id]) VALUES (120, N'Present', CAST(N'2025-03-16' AS Date), 5, 14)
INSERT [dbo].[Attendance] ([ID], [Status], [AttendanceDate], [Section_Id], [Student_Id]) VALUES (121, N'Present', CAST(N'2025-03-22' AS Date), 6, 14)
INSERT [dbo].[Attendance] ([ID], [Status], [AttendanceDate], [Section_Id], [Student_Id]) VALUES (122, N'Present', CAST(N'2025-03-19' AS Date), 6, 14)
INSERT [dbo].[Attendance] ([ID], [Status], [AttendanceDate], [Section_Id], [Student_Id]) VALUES (123, N'Absent', CAST(N'2025-03-01' AS Date), 6, 14)
INSERT [dbo].[Attendance] ([ID], [Status], [AttendanceDate], [Section_Id], [Student_Id]) VALUES (124, N'Absent', CAST(N'2025-03-11' AS Date), 9, 14)
INSERT [dbo].[Attendance] ([ID], [Status], [AttendanceDate], [Section_Id], [Student_Id]) VALUES (125, N'Absent', CAST(N'2025-03-28' AS Date), 9, 14)
INSERT [dbo].[Attendance] ([ID], [Status], [AttendanceDate], [Section_Id], [Student_Id]) VALUES (126, N'Absent', CAST(N'2025-03-26' AS Date), 9, 14)
INSERT [dbo].[Attendance] ([ID], [Status], [AttendanceDate], [Section_Id], [Student_Id]) VALUES (127, N'Absent', CAST(N'2025-03-05' AS Date), 8, 15)
INSERT [dbo].[Attendance] ([ID], [Status], [AttendanceDate], [Section_Id], [Student_Id]) VALUES (128, N'Absent', CAST(N'2025-03-23' AS Date), 8, 15)
INSERT [dbo].[Attendance] ([ID], [Status], [AttendanceDate], [Section_Id], [Student_Id]) VALUES (129, N'Present', CAST(N'2025-03-20' AS Date), 8, 15)
INSERT [dbo].[Attendance] ([ID], [Status], [AttendanceDate], [Section_Id], [Student_Id]) VALUES (130, N'Present', CAST(N'2025-03-15' AS Date), 3, 15)
INSERT [dbo].[Attendance] ([ID], [Status], [AttendanceDate], [Section_Id], [Student_Id]) VALUES (131, N'Absent', CAST(N'2025-03-09' AS Date), 3, 15)
INSERT [dbo].[Attendance] ([ID], [Status], [AttendanceDate], [Section_Id], [Student_Id]) VALUES (132, N'Absent', CAST(N'2025-03-27' AS Date), 3, 15)
INSERT [dbo].[Attendance] ([ID], [Status], [AttendanceDate], [Section_Id], [Student_Id]) VALUES (133, N'Absent', CAST(N'2025-03-27' AS Date), 5, 15)
INSERT [dbo].[Attendance] ([ID], [Status], [AttendanceDate], [Section_Id], [Student_Id]) VALUES (134, N'Present', CAST(N'2025-03-15' AS Date), 5, 15)
INSERT [dbo].[Attendance] ([ID], [Status], [AttendanceDate], [Section_Id], [Student_Id]) VALUES (135, N'Absent', CAST(N'2025-03-08' AS Date), 5, 15)
INSERT [dbo].[Attendance] ([ID], [Status], [AttendanceDate], [Section_Id], [Student_Id]) VALUES (136, N'Absent', CAST(N'2025-03-24' AS Date), 4, 16)
INSERT [dbo].[Attendance] ([ID], [Status], [AttendanceDate], [Section_Id], [Student_Id]) VALUES (137, N'Present', CAST(N'2025-03-16' AS Date), 4, 16)
INSERT [dbo].[Attendance] ([ID], [Status], [AttendanceDate], [Section_Id], [Student_Id]) VALUES (138, N'Absent', CAST(N'2025-03-04' AS Date), 4, 16)
INSERT [dbo].[Attendance] ([ID], [Status], [AttendanceDate], [Section_Id], [Student_Id]) VALUES (139, N'Present', CAST(N'2025-03-09' AS Date), 2, 16)
INSERT [dbo].[Attendance] ([ID], [Status], [AttendanceDate], [Section_Id], [Student_Id]) VALUES (140, N'Absent', CAST(N'2025-03-01' AS Date), 2, 16)
INSERT [dbo].[Attendance] ([ID], [Status], [AttendanceDate], [Section_Id], [Student_Id]) VALUES (141, N'Present', CAST(N'2025-03-01' AS Date), 2, 16)
INSERT [dbo].[Attendance] ([ID], [Status], [AttendanceDate], [Section_Id], [Student_Id]) VALUES (142, N'Absent', CAST(N'2025-03-23' AS Date), 8, 16)
INSERT [dbo].[Attendance] ([ID], [Status], [AttendanceDate], [Section_Id], [Student_Id]) VALUES (143, N'Present', CAST(N'2025-03-15' AS Date), 8, 16)
INSERT [dbo].[Attendance] ([ID], [Status], [AttendanceDate], [Section_Id], [Student_Id]) VALUES (144, N'Present', CAST(N'2025-03-19' AS Date), 8, 16)
INSERT [dbo].[Attendance] ([ID], [Status], [AttendanceDate], [Section_Id], [Student_Id]) VALUES (145, N'Absent', CAST(N'2025-03-05' AS Date), 1, 17)
INSERT [dbo].[Attendance] ([ID], [Status], [AttendanceDate], [Section_Id], [Student_Id]) VALUES (146, N'Absent', CAST(N'2025-03-25' AS Date), 1, 17)
INSERT [dbo].[Attendance] ([ID], [Status], [AttendanceDate], [Section_Id], [Student_Id]) VALUES (147, N'Absent', CAST(N'2025-03-26' AS Date), 1, 17)
INSERT [dbo].[Attendance] ([ID], [Status], [AttendanceDate], [Section_Id], [Student_Id]) VALUES (148, N'Present', CAST(N'2025-03-07' AS Date), 3, 17)
INSERT [dbo].[Attendance] ([ID], [Status], [AttendanceDate], [Section_Id], [Student_Id]) VALUES (149, N'Present', CAST(N'2025-03-12' AS Date), 3, 17)
INSERT [dbo].[Attendance] ([ID], [Status], [AttendanceDate], [Section_Id], [Student_Id]) VALUES (150, N'Absent', CAST(N'2025-03-19' AS Date), 3, 17)
INSERT [dbo].[Attendance] ([ID], [Status], [AttendanceDate], [Section_Id], [Student_Id]) VALUES (151, N'Present', CAST(N'2025-03-06' AS Date), 7, 17)
INSERT [dbo].[Attendance] ([ID], [Status], [AttendanceDate], [Section_Id], [Student_Id]) VALUES (152, N'Absent', CAST(N'2025-03-13' AS Date), 7, 17)
INSERT [dbo].[Attendance] ([ID], [Status], [AttendanceDate], [Section_Id], [Student_Id]) VALUES (153, N'Absent', CAST(N'2025-03-15' AS Date), 7, 17)
INSERT [dbo].[Attendance] ([ID], [Status], [AttendanceDate], [Section_Id], [Student_Id]) VALUES (154, N'Absent', CAST(N'2025-03-26' AS Date), 9, 18)
INSERT [dbo].[Attendance] ([ID], [Status], [AttendanceDate], [Section_Id], [Student_Id]) VALUES (155, N'Present', CAST(N'2025-03-04' AS Date), 9, 18)
INSERT [dbo].[Attendance] ([ID], [Status], [AttendanceDate], [Section_Id], [Student_Id]) VALUES (156, N'Absent', CAST(N'2025-03-06' AS Date), 9, 18)
INSERT [dbo].[Attendance] ([ID], [Status], [AttendanceDate], [Section_Id], [Student_Id]) VALUES (157, N'Present', CAST(N'2025-03-05' AS Date), 10, 18)
INSERT [dbo].[Attendance] ([ID], [Status], [AttendanceDate], [Section_Id], [Student_Id]) VALUES (158, N'Absent', CAST(N'2025-03-19' AS Date), 10, 18)
INSERT [dbo].[Attendance] ([ID], [Status], [AttendanceDate], [Section_Id], [Student_Id]) VALUES (159, N'Present', CAST(N'2025-03-13' AS Date), 10, 18)
INSERT [dbo].[Attendance] ([ID], [Status], [AttendanceDate], [Section_Id], [Student_Id]) VALUES (160, N'Present', CAST(N'2025-03-11' AS Date), 3, 18)
INSERT [dbo].[Attendance] ([ID], [Status], [AttendanceDate], [Section_Id], [Student_Id]) VALUES (161, N'Absent', CAST(N'2025-03-13' AS Date), 3, 18)
INSERT [dbo].[Attendance] ([ID], [Status], [AttendanceDate], [Section_Id], [Student_Id]) VALUES (162, N'Absent', CAST(N'2025-03-02' AS Date), 3, 18)
INSERT [dbo].[Attendance] ([ID], [Status], [AttendanceDate], [Section_Id], [Student_Id]) VALUES (163, N'Present', CAST(N'2025-03-09' AS Date), 10, 19)
INSERT [dbo].[Attendance] ([ID], [Status], [AttendanceDate], [Section_Id], [Student_Id]) VALUES (164, N'Present', CAST(N'2025-03-24' AS Date), 10, 19)
INSERT [dbo].[Attendance] ([ID], [Status], [AttendanceDate], [Section_Id], [Student_Id]) VALUES (165, N'Present', CAST(N'2025-03-16' AS Date), 10, 19)
INSERT [dbo].[Attendance] ([ID], [Status], [AttendanceDate], [Section_Id], [Student_Id]) VALUES (166, N'Present', CAST(N'2025-03-04' AS Date), 2, 19)
INSERT [dbo].[Attendance] ([ID], [Status], [AttendanceDate], [Section_Id], [Student_Id]) VALUES (167, N'Present', CAST(N'2025-03-09' AS Date), 2, 19)
INSERT [dbo].[Attendance] ([ID], [Status], [AttendanceDate], [Section_Id], [Student_Id]) VALUES (168, N'Absent', CAST(N'2025-03-22' AS Date), 2, 19)
INSERT [dbo].[Attendance] ([ID], [Status], [AttendanceDate], [Section_Id], [Student_Id]) VALUES (169, N'Absent', CAST(N'2025-03-08' AS Date), 7, 19)
INSERT [dbo].[Attendance] ([ID], [Status], [AttendanceDate], [Section_Id], [Student_Id]) VALUES (170, N'Present', CAST(N'2025-03-08' AS Date), 7, 19)
INSERT [dbo].[Attendance] ([ID], [Status], [AttendanceDate], [Section_Id], [Student_Id]) VALUES (171, N'Absent', CAST(N'2025-03-16' AS Date), 7, 19)
INSERT [dbo].[Attendance] ([ID], [Status], [AttendanceDate], [Section_Id], [Student_Id]) VALUES (172, N'Present', CAST(N'2025-03-11' AS Date), 10, 20)
INSERT [dbo].[Attendance] ([ID], [Status], [AttendanceDate], [Section_Id], [Student_Id]) VALUES (173, N'Absent', CAST(N'2025-03-11' AS Date), 10, 20)
INSERT [dbo].[Attendance] ([ID], [Status], [AttendanceDate], [Section_Id], [Student_Id]) VALUES (174, N'Absent', CAST(N'2025-03-21' AS Date), 10, 20)
INSERT [dbo].[Attendance] ([ID], [Status], [AttendanceDate], [Section_Id], [Student_Id]) VALUES (175, N'Present', CAST(N'2025-03-12' AS Date), 2, 20)
INSERT [dbo].[Attendance] ([ID], [Status], [AttendanceDate], [Section_Id], [Student_Id]) VALUES (176, N'Absent', CAST(N'2025-03-12' AS Date), 2, 20)
INSERT [dbo].[Attendance] ([ID], [Status], [AttendanceDate], [Section_Id], [Student_Id]) VALUES (177, N'Absent', CAST(N'2025-03-19' AS Date), 2, 20)
INSERT [dbo].[Attendance] ([ID], [Status], [AttendanceDate], [Section_Id], [Student_Id]) VALUES (178, N'Present', CAST(N'2025-03-02' AS Date), 9, 20)
INSERT [dbo].[Attendance] ([ID], [Status], [AttendanceDate], [Section_Id], [Student_Id]) VALUES (179, N'Present', CAST(N'2025-03-05' AS Date), 9, 20)
INSERT [dbo].[Attendance] ([ID], [Status], [AttendanceDate], [Section_Id], [Student_Id]) VALUES (180, N'Absent', CAST(N'2025-03-05' AS Date), 9, 20)
INSERT [dbo].[Attendance] ([ID], [Status], [AttendanceDate], [Section_Id], [Student_Id]) VALUES (181, N'Absent', CAST(N'2025-03-21' AS Date), 10, 21)
INSERT [dbo].[Attendance] ([ID], [Status], [AttendanceDate], [Section_Id], [Student_Id]) VALUES (182, N'Present', CAST(N'2025-03-22' AS Date), 10, 21)
INSERT [dbo].[Attendance] ([ID], [Status], [AttendanceDate], [Section_Id], [Student_Id]) VALUES (183, N'Absent', CAST(N'2025-03-03' AS Date), 10, 21)
INSERT [dbo].[Attendance] ([ID], [Status], [AttendanceDate], [Section_Id], [Student_Id]) VALUES (184, N'Present', CAST(N'2025-03-15' AS Date), 1, 21)
INSERT [dbo].[Attendance] ([ID], [Status], [AttendanceDate], [Section_Id], [Student_Id]) VALUES (185, N'Present', CAST(N'2025-03-05' AS Date), 1, 21)
INSERT [dbo].[Attendance] ([ID], [Status], [AttendanceDate], [Section_Id], [Student_Id]) VALUES (186, N'Absent', CAST(N'2025-03-17' AS Date), 1, 21)
INSERT [dbo].[Attendance] ([ID], [Status], [AttendanceDate], [Section_Id], [Student_Id]) VALUES (187, N'Present', CAST(N'2025-03-20' AS Date), 7, 21)
INSERT [dbo].[Attendance] ([ID], [Status], [AttendanceDate], [Section_Id], [Student_Id]) VALUES (188, N'Absent', CAST(N'2025-03-12' AS Date), 7, 21)
INSERT [dbo].[Attendance] ([ID], [Status], [AttendanceDate], [Section_Id], [Student_Id]) VALUES (189, N'Present', CAST(N'2025-03-17' AS Date), 7, 21)
INSERT [dbo].[Attendance] ([ID], [Status], [AttendanceDate], [Section_Id], [Student_Id]) VALUES (190, N'Absent', CAST(N'2025-03-24' AS Date), 7, 22)
INSERT [dbo].[Attendance] ([ID], [Status], [AttendanceDate], [Section_Id], [Student_Id]) VALUES (191, N'Present', CAST(N'2025-03-14' AS Date), 7, 22)
INSERT [dbo].[Attendance] ([ID], [Status], [AttendanceDate], [Section_Id], [Student_Id]) VALUES (192, N'Present', CAST(N'2025-03-28' AS Date), 7, 22)
INSERT [dbo].[Attendance] ([ID], [Status], [AttendanceDate], [Section_Id], [Student_Id]) VALUES (193, N'Absent', CAST(N'2025-03-24' AS Date), 4, 22)
INSERT [dbo].[Attendance] ([ID], [Status], [AttendanceDate], [Section_Id], [Student_Id]) VALUES (194, N'Absent', CAST(N'2025-03-27' AS Date), 4, 22)
INSERT [dbo].[Attendance] ([ID], [Status], [AttendanceDate], [Section_Id], [Student_Id]) VALUES (195, N'Present', CAST(N'2025-03-26' AS Date), 4, 22)
INSERT [dbo].[Attendance] ([ID], [Status], [AttendanceDate], [Section_Id], [Student_Id]) VALUES (196, N'Present', CAST(N'2025-03-27' AS Date), 1, 22)
INSERT [dbo].[Attendance] ([ID], [Status], [AttendanceDate], [Section_Id], [Student_Id]) VALUES (197, N'Absent', CAST(N'2025-03-05' AS Date), 1, 22)
INSERT [dbo].[Attendance] ([ID], [Status], [AttendanceDate], [Section_Id], [Student_Id]) VALUES (198, N'Absent', CAST(N'2025-03-15' AS Date), 1, 22)
INSERT [dbo].[Attendance] ([ID], [Status], [AttendanceDate], [Section_Id], [Student_Id]) VALUES (199, N'Absent', CAST(N'2025-03-23' AS Date), 9, 23)
GO
INSERT [dbo].[Attendance] ([ID], [Status], [AttendanceDate], [Section_Id], [Student_Id]) VALUES (200, N'Absent', CAST(N'2025-03-12' AS Date), 9, 23)
INSERT [dbo].[Attendance] ([ID], [Status], [AttendanceDate], [Section_Id], [Student_Id]) VALUES (201, N'Present', CAST(N'2025-03-22' AS Date), 9, 23)
INSERT [dbo].[Attendance] ([ID], [Status], [AttendanceDate], [Section_Id], [Student_Id]) VALUES (202, N'Absent', CAST(N'2025-03-15' AS Date), 2, 23)
INSERT [dbo].[Attendance] ([ID], [Status], [AttendanceDate], [Section_Id], [Student_Id]) VALUES (203, N'Absent', CAST(N'2025-03-11' AS Date), 2, 23)
INSERT [dbo].[Attendance] ([ID], [Status], [AttendanceDate], [Section_Id], [Student_Id]) VALUES (204, N'Absent', CAST(N'2025-03-20' AS Date), 2, 23)
INSERT [dbo].[Attendance] ([ID], [Status], [AttendanceDate], [Section_Id], [Student_Id]) VALUES (205, N'Absent', CAST(N'2025-03-04' AS Date), 5, 23)
INSERT [dbo].[Attendance] ([ID], [Status], [AttendanceDate], [Section_Id], [Student_Id]) VALUES (206, N'Present', CAST(N'2025-03-13' AS Date), 5, 23)
INSERT [dbo].[Attendance] ([ID], [Status], [AttendanceDate], [Section_Id], [Student_Id]) VALUES (207, N'Absent', CAST(N'2025-03-20' AS Date), 5, 23)
INSERT [dbo].[Attendance] ([ID], [Status], [AttendanceDate], [Section_Id], [Student_Id]) VALUES (208, N'Absent', CAST(N'2025-03-16' AS Date), 9, 24)
INSERT [dbo].[Attendance] ([ID], [Status], [AttendanceDate], [Section_Id], [Student_Id]) VALUES (209, N'Absent', CAST(N'2025-03-04' AS Date), 9, 24)
INSERT [dbo].[Attendance] ([ID], [Status], [AttendanceDate], [Section_Id], [Student_Id]) VALUES (210, N'Absent', CAST(N'2025-03-13' AS Date), 9, 24)
INSERT [dbo].[Attendance] ([ID], [Status], [AttendanceDate], [Section_Id], [Student_Id]) VALUES (211, N'Present', CAST(N'2025-03-19' AS Date), 2, 24)
INSERT [dbo].[Attendance] ([ID], [Status], [AttendanceDate], [Section_Id], [Student_Id]) VALUES (212, N'Absent', CAST(N'2025-03-13' AS Date), 2, 24)
INSERT [dbo].[Attendance] ([ID], [Status], [AttendanceDate], [Section_Id], [Student_Id]) VALUES (213, N'Present', CAST(N'2025-03-02' AS Date), 2, 24)
INSERT [dbo].[Attendance] ([ID], [Status], [AttendanceDate], [Section_Id], [Student_Id]) VALUES (214, N'Present', CAST(N'2025-03-22' AS Date), 7, 24)
INSERT [dbo].[Attendance] ([ID], [Status], [AttendanceDate], [Section_Id], [Student_Id]) VALUES (215, N'Absent', CAST(N'2025-03-11' AS Date), 7, 24)
INSERT [dbo].[Attendance] ([ID], [Status], [AttendanceDate], [Section_Id], [Student_Id]) VALUES (216, N'Present', CAST(N'2025-03-08' AS Date), 7, 24)
INSERT [dbo].[Attendance] ([ID], [Status], [AttendanceDate], [Section_Id], [Student_Id]) VALUES (217, N'Absent', CAST(N'2025-03-02' AS Date), 6, 25)
INSERT [dbo].[Attendance] ([ID], [Status], [AttendanceDate], [Section_Id], [Student_Id]) VALUES (218, N'Present', CAST(N'2025-03-01' AS Date), 6, 25)
INSERT [dbo].[Attendance] ([ID], [Status], [AttendanceDate], [Section_Id], [Student_Id]) VALUES (219, N'Present', CAST(N'2025-03-04' AS Date), 6, 25)
INSERT [dbo].[Attendance] ([ID], [Status], [AttendanceDate], [Section_Id], [Student_Id]) VALUES (220, N'Present', CAST(N'2025-03-05' AS Date), 7, 25)
INSERT [dbo].[Attendance] ([ID], [Status], [AttendanceDate], [Section_Id], [Student_Id]) VALUES (221, N'Absent', CAST(N'2025-03-04' AS Date), 7, 25)
INSERT [dbo].[Attendance] ([ID], [Status], [AttendanceDate], [Section_Id], [Student_Id]) VALUES (222, N'Absent', CAST(N'2025-03-21' AS Date), 7, 25)
INSERT [dbo].[Attendance] ([ID], [Status], [AttendanceDate], [Section_Id], [Student_Id]) VALUES (223, N'Present', CAST(N'2025-03-12' AS Date), 5, 25)
INSERT [dbo].[Attendance] ([ID], [Status], [AttendanceDate], [Section_Id], [Student_Id]) VALUES (224, N'Present', CAST(N'2025-03-21' AS Date), 5, 25)
INSERT [dbo].[Attendance] ([ID], [Status], [AttendanceDate], [Section_Id], [Student_Id]) VALUES (225, N'Present', CAST(N'2025-03-28' AS Date), 5, 25)
INSERT [dbo].[Attendance] ([ID], [Status], [AttendanceDate], [Section_Id], [Student_Id]) VALUES (226, N'Present', CAST(N'2025-03-01' AS Date), 6, 26)
INSERT [dbo].[Attendance] ([ID], [Status], [AttendanceDate], [Section_Id], [Student_Id]) VALUES (227, N'Present', CAST(N'2025-03-17' AS Date), 6, 26)
INSERT [dbo].[Attendance] ([ID], [Status], [AttendanceDate], [Section_Id], [Student_Id]) VALUES (228, N'Absent', CAST(N'2025-03-21' AS Date), 6, 26)
INSERT [dbo].[Attendance] ([ID], [Status], [AttendanceDate], [Section_Id], [Student_Id]) VALUES (229, N'Absent', CAST(N'2025-03-19' AS Date), 5, 26)
INSERT [dbo].[Attendance] ([ID], [Status], [AttendanceDate], [Section_Id], [Student_Id]) VALUES (230, N'Absent', CAST(N'2025-03-14' AS Date), 5, 26)
INSERT [dbo].[Attendance] ([ID], [Status], [AttendanceDate], [Section_Id], [Student_Id]) VALUES (231, N'Absent', CAST(N'2025-03-02' AS Date), 5, 26)
INSERT [dbo].[Attendance] ([ID], [Status], [AttendanceDate], [Section_Id], [Student_Id]) VALUES (232, N'Absent', CAST(N'2025-03-22' AS Date), 3, 26)
INSERT [dbo].[Attendance] ([ID], [Status], [AttendanceDate], [Section_Id], [Student_Id]) VALUES (233, N'Absent', CAST(N'2025-03-06' AS Date), 3, 26)
INSERT [dbo].[Attendance] ([ID], [Status], [AttendanceDate], [Section_Id], [Student_Id]) VALUES (234, N'Present', CAST(N'2025-03-09' AS Date), 3, 26)
INSERT [dbo].[Attendance] ([ID], [Status], [AttendanceDate], [Section_Id], [Student_Id]) VALUES (235, N'Absent', CAST(N'2025-03-22' AS Date), 5, 27)
INSERT [dbo].[Attendance] ([ID], [Status], [AttendanceDate], [Section_Id], [Student_Id]) VALUES (236, N'Present', CAST(N'2025-03-13' AS Date), 5, 27)
INSERT [dbo].[Attendance] ([ID], [Status], [AttendanceDate], [Section_Id], [Student_Id]) VALUES (237, N'Present', CAST(N'2025-03-20' AS Date), 5, 27)
INSERT [dbo].[Attendance] ([ID], [Status], [AttendanceDate], [Section_Id], [Student_Id]) VALUES (238, N'Absent', CAST(N'2025-03-28' AS Date), 6, 27)
INSERT [dbo].[Attendance] ([ID], [Status], [AttendanceDate], [Section_Id], [Student_Id]) VALUES (239, N'Present', CAST(N'2025-03-17' AS Date), 6, 27)
INSERT [dbo].[Attendance] ([ID], [Status], [AttendanceDate], [Section_Id], [Student_Id]) VALUES (240, N'Present', CAST(N'2025-03-24' AS Date), 6, 27)
INSERT [dbo].[Attendance] ([ID], [Status], [AttendanceDate], [Section_Id], [Student_Id]) VALUES (241, N'Present', CAST(N'2025-03-04' AS Date), 3, 27)
INSERT [dbo].[Attendance] ([ID], [Status], [AttendanceDate], [Section_Id], [Student_Id]) VALUES (242, N'Present', CAST(N'2025-03-12' AS Date), 3, 27)
INSERT [dbo].[Attendance] ([ID], [Status], [AttendanceDate], [Section_Id], [Student_Id]) VALUES (243, N'Present', CAST(N'2025-03-05' AS Date), 3, 27)
INSERT [dbo].[Attendance] ([ID], [Status], [AttendanceDate], [Section_Id], [Student_Id]) VALUES (244, N'Present', CAST(N'2025-03-13' AS Date), 2, 28)
INSERT [dbo].[Attendance] ([ID], [Status], [AttendanceDate], [Section_Id], [Student_Id]) VALUES (245, N'Present', CAST(N'2025-03-23' AS Date), 2, 28)
INSERT [dbo].[Attendance] ([ID], [Status], [AttendanceDate], [Section_Id], [Student_Id]) VALUES (246, N'Absent', CAST(N'2025-03-11' AS Date), 2, 28)
INSERT [dbo].[Attendance] ([ID], [Status], [AttendanceDate], [Section_Id], [Student_Id]) VALUES (247, N'Absent', CAST(N'2025-03-12' AS Date), 5, 28)
INSERT [dbo].[Attendance] ([ID], [Status], [AttendanceDate], [Section_Id], [Student_Id]) VALUES (248, N'Present', CAST(N'2025-03-22' AS Date), 5, 28)
INSERT [dbo].[Attendance] ([ID], [Status], [AttendanceDate], [Section_Id], [Student_Id]) VALUES (249, N'Absent', CAST(N'2025-03-28' AS Date), 5, 28)
INSERT [dbo].[Attendance] ([ID], [Status], [AttendanceDate], [Section_Id], [Student_Id]) VALUES (250, N'Present', CAST(N'2025-03-10' AS Date), 3, 28)
INSERT [dbo].[Attendance] ([ID], [Status], [AttendanceDate], [Section_Id], [Student_Id]) VALUES (251, N'Absent', CAST(N'2025-03-17' AS Date), 3, 28)
INSERT [dbo].[Attendance] ([ID], [Status], [AttendanceDate], [Section_Id], [Student_Id]) VALUES (252, N'Absent', CAST(N'2025-03-25' AS Date), 3, 28)
INSERT [dbo].[Attendance] ([ID], [Status], [AttendanceDate], [Section_Id], [Student_Id]) VALUES (253, N'Absent', CAST(N'2025-03-14' AS Date), 8, 29)
INSERT [dbo].[Attendance] ([ID], [Status], [AttendanceDate], [Section_Id], [Student_Id]) VALUES (254, N'Present', CAST(N'2025-03-13' AS Date), 8, 29)
INSERT [dbo].[Attendance] ([ID], [Status], [AttendanceDate], [Section_Id], [Student_Id]) VALUES (255, N'Absent', CAST(N'2025-03-22' AS Date), 8, 29)
INSERT [dbo].[Attendance] ([ID], [Status], [AttendanceDate], [Section_Id], [Student_Id]) VALUES (256, N'Absent', CAST(N'2025-03-18' AS Date), 7, 29)
INSERT [dbo].[Attendance] ([ID], [Status], [AttendanceDate], [Section_Id], [Student_Id]) VALUES (257, N'Present', CAST(N'2025-03-15' AS Date), 7, 29)
INSERT [dbo].[Attendance] ([ID], [Status], [AttendanceDate], [Section_Id], [Student_Id]) VALUES (258, N'Present', CAST(N'2025-03-18' AS Date), 7, 29)
INSERT [dbo].[Attendance] ([ID], [Status], [AttendanceDate], [Section_Id], [Student_Id]) VALUES (259, N'Present', CAST(N'2025-03-23' AS Date), 10, 29)
INSERT [dbo].[Attendance] ([ID], [Status], [AttendanceDate], [Section_Id], [Student_Id]) VALUES (260, N'Present', CAST(N'2025-03-06' AS Date), 10, 29)
INSERT [dbo].[Attendance] ([ID], [Status], [AttendanceDate], [Section_Id], [Student_Id]) VALUES (261, N'Present', CAST(N'2025-03-14' AS Date), 10, 29)
INSERT [dbo].[Attendance] ([ID], [Status], [AttendanceDate], [Section_Id], [Student_Id]) VALUES (262, N'Present', CAST(N'2025-03-26' AS Date), 9, 30)
INSERT [dbo].[Attendance] ([ID], [Status], [AttendanceDate], [Section_Id], [Student_Id]) VALUES (263, N'Absent', CAST(N'2025-03-09' AS Date), 9, 30)
INSERT [dbo].[Attendance] ([ID], [Status], [AttendanceDate], [Section_Id], [Student_Id]) VALUES (264, N'Absent', CAST(N'2025-03-03' AS Date), 9, 30)
INSERT [dbo].[Attendance] ([ID], [Status], [AttendanceDate], [Section_Id], [Student_Id]) VALUES (265, N'Present', CAST(N'2025-03-21' AS Date), 8, 30)
INSERT [dbo].[Attendance] ([ID], [Status], [AttendanceDate], [Section_Id], [Student_Id]) VALUES (266, N'Absent', CAST(N'2025-03-16' AS Date), 8, 30)
INSERT [dbo].[Attendance] ([ID], [Status], [AttendanceDate], [Section_Id], [Student_Id]) VALUES (267, N'Present', CAST(N'2025-03-15' AS Date), 8, 30)
INSERT [dbo].[Attendance] ([ID], [Status], [AttendanceDate], [Section_Id], [Student_Id]) VALUES (268, N'Absent', CAST(N'2025-03-01' AS Date), 1, 30)
INSERT [dbo].[Attendance] ([ID], [Status], [AttendanceDate], [Section_Id], [Student_Id]) VALUES (269, N'Absent', CAST(N'2025-03-18' AS Date), 1, 30)
INSERT [dbo].[Attendance] ([ID], [Status], [AttendanceDate], [Section_Id], [Student_Id]) VALUES (270, N'Present', CAST(N'2025-03-12' AS Date), 1, 30)
INSERT [dbo].[Attendance] ([ID], [Status], [AttendanceDate], [Section_Id], [Student_Id]) VALUES (271, N'Absent', CAST(N'2025-03-26' AS Date), 4, 31)
INSERT [dbo].[Attendance] ([ID], [Status], [AttendanceDate], [Section_Id], [Student_Id]) VALUES (272, N'Absent', CAST(N'2025-03-27' AS Date), 4, 31)
INSERT [dbo].[Attendance] ([ID], [Status], [AttendanceDate], [Section_Id], [Student_Id]) VALUES (273, N'Present', CAST(N'2025-03-07' AS Date), 4, 31)
INSERT [dbo].[Attendance] ([ID], [Status], [AttendanceDate], [Section_Id], [Student_Id]) VALUES (274, N'Present', CAST(N'2025-03-05' AS Date), 5, 31)
INSERT [dbo].[Attendance] ([ID], [Status], [AttendanceDate], [Section_Id], [Student_Id]) VALUES (275, N'Absent', CAST(N'2025-03-01' AS Date), 5, 31)
INSERT [dbo].[Attendance] ([ID], [Status], [AttendanceDate], [Section_Id], [Student_Id]) VALUES (276, N'Absent', CAST(N'2025-03-20' AS Date), 5, 31)
INSERT [dbo].[Attendance] ([ID], [Status], [AttendanceDate], [Section_Id], [Student_Id]) VALUES (277, N'Absent', CAST(N'2025-03-05' AS Date), 1, 31)
INSERT [dbo].[Attendance] ([ID], [Status], [AttendanceDate], [Section_Id], [Student_Id]) VALUES (278, N'Present', CAST(N'2025-03-16' AS Date), 1, 31)
INSERT [dbo].[Attendance] ([ID], [Status], [AttendanceDate], [Section_Id], [Student_Id]) VALUES (279, N'Present', CAST(N'2025-03-13' AS Date), 1, 31)
INSERT [dbo].[Attendance] ([ID], [Status], [AttendanceDate], [Section_Id], [Student_Id]) VALUES (280, N'Absent', CAST(N'2025-03-15' AS Date), 3, 32)
INSERT [dbo].[Attendance] ([ID], [Status], [AttendanceDate], [Section_Id], [Student_Id]) VALUES (281, N'Present', CAST(N'2025-03-05' AS Date), 3, 32)
INSERT [dbo].[Attendance] ([ID], [Status], [AttendanceDate], [Section_Id], [Student_Id]) VALUES (282, N'Present', CAST(N'2025-03-04' AS Date), 3, 32)
INSERT [dbo].[Attendance] ([ID], [Status], [AttendanceDate], [Section_Id], [Student_Id]) VALUES (283, N'Present', CAST(N'2025-03-17' AS Date), 5, 32)
INSERT [dbo].[Attendance] ([ID], [Status], [AttendanceDate], [Section_Id], [Student_Id]) VALUES (284, N'Present', CAST(N'2025-03-12' AS Date), 5, 32)
INSERT [dbo].[Attendance] ([ID], [Status], [AttendanceDate], [Section_Id], [Student_Id]) VALUES (285, N'Absent', CAST(N'2025-03-03' AS Date), 5, 32)
INSERT [dbo].[Attendance] ([ID], [Status], [AttendanceDate], [Section_Id], [Student_Id]) VALUES (286, N'Present', CAST(N'2025-03-28' AS Date), 8, 32)
INSERT [dbo].[Attendance] ([ID], [Status], [AttendanceDate], [Section_Id], [Student_Id]) VALUES (287, N'Present', CAST(N'2025-03-16' AS Date), 8, 32)
INSERT [dbo].[Attendance] ([ID], [Status], [AttendanceDate], [Section_Id], [Student_Id]) VALUES (288, N'Absent', CAST(N'2025-03-07' AS Date), 8, 32)
INSERT [dbo].[Attendance] ([ID], [Status], [AttendanceDate], [Section_Id], [Student_Id]) VALUES (289, N'Absent', CAST(N'2025-03-17' AS Date), 1, 33)
INSERT [dbo].[Attendance] ([ID], [Status], [AttendanceDate], [Section_Id], [Student_Id]) VALUES (290, N'Absent', CAST(N'2025-03-19' AS Date), 1, 33)
INSERT [dbo].[Attendance] ([ID], [Status], [AttendanceDate], [Section_Id], [Student_Id]) VALUES (291, N'Present', CAST(N'2025-03-15' AS Date), 1, 33)
INSERT [dbo].[Attendance] ([ID], [Status], [AttendanceDate], [Section_Id], [Student_Id]) VALUES (292, N'Absent', CAST(N'2025-03-14' AS Date), 4, 33)
INSERT [dbo].[Attendance] ([ID], [Status], [AttendanceDate], [Section_Id], [Student_Id]) VALUES (293, N'Absent', CAST(N'2025-03-06' AS Date), 4, 33)
INSERT [dbo].[Attendance] ([ID], [Status], [AttendanceDate], [Section_Id], [Student_Id]) VALUES (294, N'Absent', CAST(N'2025-03-03' AS Date), 4, 33)
INSERT [dbo].[Attendance] ([ID], [Status], [AttendanceDate], [Section_Id], [Student_Id]) VALUES (295, N'Present', CAST(N'2025-03-08' AS Date), 3, 33)
INSERT [dbo].[Attendance] ([ID], [Status], [AttendanceDate], [Section_Id], [Student_Id]) VALUES (296, N'Absent', CAST(N'2025-03-24' AS Date), 3, 33)
INSERT [dbo].[Attendance] ([ID], [Status], [AttendanceDate], [Section_Id], [Student_Id]) VALUES (297, N'Absent', CAST(N'2025-03-27' AS Date), 3, 33)
INSERT [dbo].[Attendance] ([ID], [Status], [AttendanceDate], [Section_Id], [Student_Id]) VALUES (298, N'Present', CAST(N'2025-03-24' AS Date), 7, 34)
INSERT [dbo].[Attendance] ([ID], [Status], [AttendanceDate], [Section_Id], [Student_Id]) VALUES (299, N'Present', CAST(N'2025-03-17' AS Date), 7, 34)
GO
INSERT [dbo].[Attendance] ([ID], [Status], [AttendanceDate], [Section_Id], [Student_Id]) VALUES (300, N'Absent', CAST(N'2025-03-25' AS Date), 7, 34)
INSERT [dbo].[Attendance] ([ID], [Status], [AttendanceDate], [Section_Id], [Student_Id]) VALUES (301, N'Present', CAST(N'2025-03-19' AS Date), 6, 34)
INSERT [dbo].[Attendance] ([ID], [Status], [AttendanceDate], [Section_Id], [Student_Id]) VALUES (302, N'Absent', CAST(N'2025-03-23' AS Date), 6, 34)
INSERT [dbo].[Attendance] ([ID], [Status], [AttendanceDate], [Section_Id], [Student_Id]) VALUES (303, N'Absent', CAST(N'2025-03-06' AS Date), 6, 34)
INSERT [dbo].[Attendance] ([ID], [Status], [AttendanceDate], [Section_Id], [Student_Id]) VALUES (304, N'Present', CAST(N'2025-03-17' AS Date), 3, 34)
INSERT [dbo].[Attendance] ([ID], [Status], [AttendanceDate], [Section_Id], [Student_Id]) VALUES (305, N'Absent', CAST(N'2025-03-25' AS Date), 3, 34)
INSERT [dbo].[Attendance] ([ID], [Status], [AttendanceDate], [Section_Id], [Student_Id]) VALUES (306, N'Present', CAST(N'2025-03-08' AS Date), 3, 34)
INSERT [dbo].[Attendance] ([ID], [Status], [AttendanceDate], [Section_Id], [Student_Id]) VALUES (307, N'Present', CAST(N'2025-03-01' AS Date), 6, 35)
INSERT [dbo].[Attendance] ([ID], [Status], [AttendanceDate], [Section_Id], [Student_Id]) VALUES (308, N'Absent', CAST(N'2025-03-28' AS Date), 6, 35)
INSERT [dbo].[Attendance] ([ID], [Status], [AttendanceDate], [Section_Id], [Student_Id]) VALUES (309, N'Present', CAST(N'2025-03-07' AS Date), 6, 35)
INSERT [dbo].[Attendance] ([ID], [Status], [AttendanceDate], [Section_Id], [Student_Id]) VALUES (310, N'Absent', CAST(N'2025-03-14' AS Date), 9, 35)
INSERT [dbo].[Attendance] ([ID], [Status], [AttendanceDate], [Section_Id], [Student_Id]) VALUES (311, N'Absent', CAST(N'2025-03-27' AS Date), 9, 35)
INSERT [dbo].[Attendance] ([ID], [Status], [AttendanceDate], [Section_Id], [Student_Id]) VALUES (312, N'Present', CAST(N'2025-03-21' AS Date), 9, 35)
INSERT [dbo].[Attendance] ([ID], [Status], [AttendanceDate], [Section_Id], [Student_Id]) VALUES (313, N'Absent', CAST(N'2025-03-15' AS Date), 10, 35)
INSERT [dbo].[Attendance] ([ID], [Status], [AttendanceDate], [Section_Id], [Student_Id]) VALUES (314, N'Present', CAST(N'2025-03-28' AS Date), 10, 35)
INSERT [dbo].[Attendance] ([ID], [Status], [AttendanceDate], [Section_Id], [Student_Id]) VALUES (315, N'Present', CAST(N'2025-03-04' AS Date), 10, 35)
INSERT [dbo].[Attendance] ([ID], [Status], [AttendanceDate], [Section_Id], [Student_Id]) VALUES (316, N'Absent', CAST(N'2025-03-01' AS Date), 6, 36)
INSERT [dbo].[Attendance] ([ID], [Status], [AttendanceDate], [Section_Id], [Student_Id]) VALUES (317, N'Absent', CAST(N'2025-03-27' AS Date), 6, 36)
INSERT [dbo].[Attendance] ([ID], [Status], [AttendanceDate], [Section_Id], [Student_Id]) VALUES (318, N'Present', CAST(N'2025-03-14' AS Date), 6, 36)
INSERT [dbo].[Attendance] ([ID], [Status], [AttendanceDate], [Section_Id], [Student_Id]) VALUES (319, N'Present', CAST(N'2025-03-16' AS Date), 8, 36)
INSERT [dbo].[Attendance] ([ID], [Status], [AttendanceDate], [Section_Id], [Student_Id]) VALUES (320, N'Present', CAST(N'2025-03-22' AS Date), 8, 36)
INSERT [dbo].[Attendance] ([ID], [Status], [AttendanceDate], [Section_Id], [Student_Id]) VALUES (321, N'Present', CAST(N'2025-03-02' AS Date), 8, 36)
INSERT [dbo].[Attendance] ([ID], [Status], [AttendanceDate], [Section_Id], [Student_Id]) VALUES (322, N'Absent', CAST(N'2025-03-21' AS Date), 3, 36)
INSERT [dbo].[Attendance] ([ID], [Status], [AttendanceDate], [Section_Id], [Student_Id]) VALUES (323, N'Present', CAST(N'2025-03-10' AS Date), 3, 36)
INSERT [dbo].[Attendance] ([ID], [Status], [AttendanceDate], [Section_Id], [Student_Id]) VALUES (324, N'Absent', CAST(N'2025-03-02' AS Date), 3, 36)
INSERT [dbo].[Attendance] ([ID], [Status], [AttendanceDate], [Section_Id], [Student_Id]) VALUES (325, N'Present', CAST(N'2025-03-08' AS Date), 7, 37)
INSERT [dbo].[Attendance] ([ID], [Status], [AttendanceDate], [Section_Id], [Student_Id]) VALUES (326, N'Absent', CAST(N'2025-03-02' AS Date), 7, 37)
INSERT [dbo].[Attendance] ([ID], [Status], [AttendanceDate], [Section_Id], [Student_Id]) VALUES (327, N'Present', CAST(N'2025-03-11' AS Date), 7, 37)
INSERT [dbo].[Attendance] ([ID], [Status], [AttendanceDate], [Section_Id], [Student_Id]) VALUES (328, N'Absent', CAST(N'2025-03-07' AS Date), 8, 37)
INSERT [dbo].[Attendance] ([ID], [Status], [AttendanceDate], [Section_Id], [Student_Id]) VALUES (329, N'Present', CAST(N'2025-03-22' AS Date), 8, 37)
INSERT [dbo].[Attendance] ([ID], [Status], [AttendanceDate], [Section_Id], [Student_Id]) VALUES (330, N'Absent', CAST(N'2025-03-26' AS Date), 8, 37)
INSERT [dbo].[Attendance] ([ID], [Status], [AttendanceDate], [Section_Id], [Student_Id]) VALUES (331, N'Absent', CAST(N'2025-03-14' AS Date), 5, 37)
INSERT [dbo].[Attendance] ([ID], [Status], [AttendanceDate], [Section_Id], [Student_Id]) VALUES (332, N'Present', CAST(N'2025-03-16' AS Date), 5, 37)
INSERT [dbo].[Attendance] ([ID], [Status], [AttendanceDate], [Section_Id], [Student_Id]) VALUES (333, N'Absent', CAST(N'2025-03-11' AS Date), 5, 37)
INSERT [dbo].[Attendance] ([ID], [Status], [AttendanceDate], [Section_Id], [Student_Id]) VALUES (334, N'Present', CAST(N'2025-03-13' AS Date), 2, 38)
INSERT [dbo].[Attendance] ([ID], [Status], [AttendanceDate], [Section_Id], [Student_Id]) VALUES (335, N'Absent', CAST(N'2025-03-10' AS Date), 2, 38)
INSERT [dbo].[Attendance] ([ID], [Status], [AttendanceDate], [Section_Id], [Student_Id]) VALUES (336, N'Present', CAST(N'2025-03-09' AS Date), 2, 38)
INSERT [dbo].[Attendance] ([ID], [Status], [AttendanceDate], [Section_Id], [Student_Id]) VALUES (337, N'Absent', CAST(N'2025-03-14' AS Date), 7, 38)
INSERT [dbo].[Attendance] ([ID], [Status], [AttendanceDate], [Section_Id], [Student_Id]) VALUES (338, N'Present', CAST(N'2025-03-05' AS Date), 7, 38)
INSERT [dbo].[Attendance] ([ID], [Status], [AttendanceDate], [Section_Id], [Student_Id]) VALUES (339, N'Absent', CAST(N'2025-03-20' AS Date), 7, 38)
INSERT [dbo].[Attendance] ([ID], [Status], [AttendanceDate], [Section_Id], [Student_Id]) VALUES (340, N'Absent', CAST(N'2025-03-14' AS Date), 10, 38)
INSERT [dbo].[Attendance] ([ID], [Status], [AttendanceDate], [Section_Id], [Student_Id]) VALUES (341, N'Present', CAST(N'2025-03-22' AS Date), 10, 38)
INSERT [dbo].[Attendance] ([ID], [Status], [AttendanceDate], [Section_Id], [Student_Id]) VALUES (342, N'Absent', CAST(N'2025-03-03' AS Date), 10, 38)
INSERT [dbo].[Attendance] ([ID], [Status], [AttendanceDate], [Section_Id], [Student_Id]) VALUES (343, N'Present', CAST(N'2025-03-07' AS Date), 8, 39)
INSERT [dbo].[Attendance] ([ID], [Status], [AttendanceDate], [Section_Id], [Student_Id]) VALUES (344, N'Present', CAST(N'2025-03-28' AS Date), 8, 39)
INSERT [dbo].[Attendance] ([ID], [Status], [AttendanceDate], [Section_Id], [Student_Id]) VALUES (345, N'Present', CAST(N'2025-03-24' AS Date), 8, 39)
INSERT [dbo].[Attendance] ([ID], [Status], [AttendanceDate], [Section_Id], [Student_Id]) VALUES (346, N'Absent', CAST(N'2025-03-13' AS Date), 1, 39)
INSERT [dbo].[Attendance] ([ID], [Status], [AttendanceDate], [Section_Id], [Student_Id]) VALUES (347, N'Absent', CAST(N'2025-03-16' AS Date), 1, 39)
INSERT [dbo].[Attendance] ([ID], [Status], [AttendanceDate], [Section_Id], [Student_Id]) VALUES (348, N'Absent', CAST(N'2025-03-12' AS Date), 1, 39)
INSERT [dbo].[Attendance] ([ID], [Status], [AttendanceDate], [Section_Id], [Student_Id]) VALUES (349, N'Absent', CAST(N'2025-03-02' AS Date), 9, 39)
INSERT [dbo].[Attendance] ([ID], [Status], [AttendanceDate], [Section_Id], [Student_Id]) VALUES (350, N'Present', CAST(N'2025-03-01' AS Date), 9, 39)
INSERT [dbo].[Attendance] ([ID], [Status], [AttendanceDate], [Section_Id], [Student_Id]) VALUES (351, N'Absent', CAST(N'2025-03-14' AS Date), 9, 39)
INSERT [dbo].[Attendance] ([ID], [Status], [AttendanceDate], [Section_Id], [Student_Id]) VALUES (352, N'Present', CAST(N'2025-03-19' AS Date), 8, 40)
INSERT [dbo].[Attendance] ([ID], [Status], [AttendanceDate], [Section_Id], [Student_Id]) VALUES (353, N'Present', CAST(N'2025-03-09' AS Date), 8, 40)
INSERT [dbo].[Attendance] ([ID], [Status], [AttendanceDate], [Section_Id], [Student_Id]) VALUES (354, N'Present', CAST(N'2025-03-15' AS Date), 8, 40)
INSERT [dbo].[Attendance] ([ID], [Status], [AttendanceDate], [Section_Id], [Student_Id]) VALUES (355, N'Absent', CAST(N'2025-03-02' AS Date), 9, 40)
INSERT [dbo].[Attendance] ([ID], [Status], [AttendanceDate], [Section_Id], [Student_Id]) VALUES (356, N'Absent', CAST(N'2025-03-13' AS Date), 9, 40)
INSERT [dbo].[Attendance] ([ID], [Status], [AttendanceDate], [Section_Id], [Student_Id]) VALUES (357, N'Present', CAST(N'2025-03-16' AS Date), 9, 40)
INSERT [dbo].[Attendance] ([ID], [Status], [AttendanceDate], [Section_Id], [Student_Id]) VALUES (358, N'Absent', CAST(N'2025-03-18' AS Date), 1, 40)
INSERT [dbo].[Attendance] ([ID], [Status], [AttendanceDate], [Section_Id], [Student_Id]) VALUES (359, N'Absent', CAST(N'2025-03-03' AS Date), 1, 40)
INSERT [dbo].[Attendance] ([ID], [Status], [AttendanceDate], [Section_Id], [Student_Id]) VALUES (360, N'Absent', CAST(N'2025-03-17' AS Date), 1, 40)
INSERT [dbo].[Attendance] ([ID], [Status], [AttendanceDate], [Section_Id], [Student_Id]) VALUES (361, N'Present', CAST(N'2025-03-18' AS Date), 3, 41)
INSERT [dbo].[Attendance] ([ID], [Status], [AttendanceDate], [Section_Id], [Student_Id]) VALUES (362, N'Present', CAST(N'2025-03-05' AS Date), 3, 41)
INSERT [dbo].[Attendance] ([ID], [Status], [AttendanceDate], [Section_Id], [Student_Id]) VALUES (363, N'Absent', CAST(N'2025-03-11' AS Date), 3, 41)
INSERT [dbo].[Attendance] ([ID], [Status], [AttendanceDate], [Section_Id], [Student_Id]) VALUES (364, N'Present', CAST(N'2025-03-19' AS Date), 5, 41)
INSERT [dbo].[Attendance] ([ID], [Status], [AttendanceDate], [Section_Id], [Student_Id]) VALUES (365, N'Present', CAST(N'2025-03-10' AS Date), 5, 41)
INSERT [dbo].[Attendance] ([ID], [Status], [AttendanceDate], [Section_Id], [Student_Id]) VALUES (366, N'Absent', CAST(N'2025-03-04' AS Date), 5, 41)
INSERT [dbo].[Attendance] ([ID], [Status], [AttendanceDate], [Section_Id], [Student_Id]) VALUES (367, N'Present', CAST(N'2025-03-20' AS Date), 7, 41)
INSERT [dbo].[Attendance] ([ID], [Status], [AttendanceDate], [Section_Id], [Student_Id]) VALUES (368, N'Present', CAST(N'2025-03-07' AS Date), 7, 41)
INSERT [dbo].[Attendance] ([ID], [Status], [AttendanceDate], [Section_Id], [Student_Id]) VALUES (369, N'Absent', CAST(N'2025-03-21' AS Date), 7, 41)
INSERT [dbo].[Attendance] ([ID], [Status], [AttendanceDate], [Section_Id], [Student_Id]) VALUES (370, N'Absent', CAST(N'2025-03-02' AS Date), 9, 42)
INSERT [dbo].[Attendance] ([ID], [Status], [AttendanceDate], [Section_Id], [Student_Id]) VALUES (371, N'Present', CAST(N'2025-03-20' AS Date), 9, 42)
INSERT [dbo].[Attendance] ([ID], [Status], [AttendanceDate], [Section_Id], [Student_Id]) VALUES (372, N'Absent', CAST(N'2025-03-08' AS Date), 9, 42)
INSERT [dbo].[Attendance] ([ID], [Status], [AttendanceDate], [Section_Id], [Student_Id]) VALUES (373, N'Absent', CAST(N'2025-03-12' AS Date), 5, 42)
INSERT [dbo].[Attendance] ([ID], [Status], [AttendanceDate], [Section_Id], [Student_Id]) VALUES (374, N'Present', CAST(N'2025-03-27' AS Date), 5, 42)
INSERT [dbo].[Attendance] ([ID], [Status], [AttendanceDate], [Section_Id], [Student_Id]) VALUES (375, N'Present', CAST(N'2025-03-22' AS Date), 5, 42)
INSERT [dbo].[Attendance] ([ID], [Status], [AttendanceDate], [Section_Id], [Student_Id]) VALUES (376, N'Present', CAST(N'2025-03-10' AS Date), 7, 42)
INSERT [dbo].[Attendance] ([ID], [Status], [AttendanceDate], [Section_Id], [Student_Id]) VALUES (377, N'Absent', CAST(N'2025-03-04' AS Date), 7, 42)
INSERT [dbo].[Attendance] ([ID], [Status], [AttendanceDate], [Section_Id], [Student_Id]) VALUES (378, N'Present', CAST(N'2025-03-19' AS Date), 7, 42)
INSERT [dbo].[Attendance] ([ID], [Status], [AttendanceDate], [Section_Id], [Student_Id]) VALUES (379, N'Present', CAST(N'2025-03-06' AS Date), 1, 43)
INSERT [dbo].[Attendance] ([ID], [Status], [AttendanceDate], [Section_Id], [Student_Id]) VALUES (380, N'Absent', CAST(N'2025-03-27' AS Date), 1, 43)
INSERT [dbo].[Attendance] ([ID], [Status], [AttendanceDate], [Section_Id], [Student_Id]) VALUES (381, N'Present', CAST(N'2025-03-28' AS Date), 1, 43)
INSERT [dbo].[Attendance] ([ID], [Status], [AttendanceDate], [Section_Id], [Student_Id]) VALUES (382, N'Absent', CAST(N'2025-03-20' AS Date), 3, 43)
INSERT [dbo].[Attendance] ([ID], [Status], [AttendanceDate], [Section_Id], [Student_Id]) VALUES (383, N'Present', CAST(N'2025-03-14' AS Date), 3, 43)
INSERT [dbo].[Attendance] ([ID], [Status], [AttendanceDate], [Section_Id], [Student_Id]) VALUES (384, N'Present', CAST(N'2025-03-26' AS Date), 3, 43)
INSERT [dbo].[Attendance] ([ID], [Status], [AttendanceDate], [Section_Id], [Student_Id]) VALUES (385, N'Absent', CAST(N'2025-03-23' AS Date), 10, 43)
INSERT [dbo].[Attendance] ([ID], [Status], [AttendanceDate], [Section_Id], [Student_Id]) VALUES (386, N'Absent', CAST(N'2025-03-24' AS Date), 10, 43)
INSERT [dbo].[Attendance] ([ID], [Status], [AttendanceDate], [Section_Id], [Student_Id]) VALUES (387, N'Present', CAST(N'2025-03-02' AS Date), 10, 43)
INSERT [dbo].[Attendance] ([ID], [Status], [AttendanceDate], [Section_Id], [Student_Id]) VALUES (388, N'Present', CAST(N'2025-03-05' AS Date), 6, 44)
INSERT [dbo].[Attendance] ([ID], [Status], [AttendanceDate], [Section_Id], [Student_Id]) VALUES (389, N'Present', CAST(N'2025-03-07' AS Date), 6, 44)
INSERT [dbo].[Attendance] ([ID], [Status], [AttendanceDate], [Section_Id], [Student_Id]) VALUES (390, N'Absent', CAST(N'2025-03-09' AS Date), 6, 44)
INSERT [dbo].[Attendance] ([ID], [Status], [AttendanceDate], [Section_Id], [Student_Id]) VALUES (391, N'Absent', CAST(N'2025-03-26' AS Date), 1, 44)
INSERT [dbo].[Attendance] ([ID], [Status], [AttendanceDate], [Section_Id], [Student_Id]) VALUES (392, N'Absent', CAST(N'2025-03-17' AS Date), 1, 44)
INSERT [dbo].[Attendance] ([ID], [Status], [AttendanceDate], [Section_Id], [Student_Id]) VALUES (393, N'Present', CAST(N'2025-03-05' AS Date), 1, 44)
INSERT [dbo].[Attendance] ([ID], [Status], [AttendanceDate], [Section_Id], [Student_Id]) VALUES (394, N'Present', CAST(N'2025-03-15' AS Date), 8, 44)
INSERT [dbo].[Attendance] ([ID], [Status], [AttendanceDate], [Section_Id], [Student_Id]) VALUES (395, N'Absent', CAST(N'2025-03-20' AS Date), 8, 44)
INSERT [dbo].[Attendance] ([ID], [Status], [AttendanceDate], [Section_Id], [Student_Id]) VALUES (396, N'Present', CAST(N'2025-03-10' AS Date), 8, 44)
INSERT [dbo].[Attendance] ([ID], [Status], [AttendanceDate], [Section_Id], [Student_Id]) VALUES (397, N'Present', CAST(N'2025-03-15' AS Date), 5, 45)
INSERT [dbo].[Attendance] ([ID], [Status], [AttendanceDate], [Section_Id], [Student_Id]) VALUES (398, N'Absent', CAST(N'2025-03-23' AS Date), 5, 45)
INSERT [dbo].[Attendance] ([ID], [Status], [AttendanceDate], [Section_Id], [Student_Id]) VALUES (399, N'Absent', CAST(N'2025-03-03' AS Date), 5, 45)
GO
INSERT [dbo].[Attendance] ([ID], [Status], [AttendanceDate], [Section_Id], [Student_Id]) VALUES (400, N'Absent', CAST(N'2025-03-12' AS Date), 9, 45)
INSERT [dbo].[Attendance] ([ID], [Status], [AttendanceDate], [Section_Id], [Student_Id]) VALUES (401, N'Absent', CAST(N'2025-03-26' AS Date), 9, 45)
INSERT [dbo].[Attendance] ([ID], [Status], [AttendanceDate], [Section_Id], [Student_Id]) VALUES (402, N'Absent', CAST(N'2025-03-27' AS Date), 9, 45)
INSERT [dbo].[Attendance] ([ID], [Status], [AttendanceDate], [Section_Id], [Student_Id]) VALUES (403, N'Present', CAST(N'2025-03-26' AS Date), 2, 45)
INSERT [dbo].[Attendance] ([ID], [Status], [AttendanceDate], [Section_Id], [Student_Id]) VALUES (404, N'Present', CAST(N'2025-03-03' AS Date), 2, 45)
INSERT [dbo].[Attendance] ([ID], [Status], [AttendanceDate], [Section_Id], [Student_Id]) VALUES (405, N'Absent', CAST(N'2025-03-02' AS Date), 2, 45)
INSERT [dbo].[Attendance] ([ID], [Status], [AttendanceDate], [Section_Id], [Student_Id]) VALUES (406, N'Absent', CAST(N'2025-03-20' AS Date), 8, 46)
INSERT [dbo].[Attendance] ([ID], [Status], [AttendanceDate], [Section_Id], [Student_Id]) VALUES (407, N'Absent', CAST(N'2025-03-15' AS Date), 8, 46)
INSERT [dbo].[Attendance] ([ID], [Status], [AttendanceDate], [Section_Id], [Student_Id]) VALUES (408, N'Absent', CAST(N'2025-03-06' AS Date), 8, 46)
INSERT [dbo].[Attendance] ([ID], [Status], [AttendanceDate], [Section_Id], [Student_Id]) VALUES (409, N'Present', CAST(N'2025-03-18' AS Date), 1, 46)
INSERT [dbo].[Attendance] ([ID], [Status], [AttendanceDate], [Section_Id], [Student_Id]) VALUES (410, N'Absent', CAST(N'2025-03-21' AS Date), 1, 46)
INSERT [dbo].[Attendance] ([ID], [Status], [AttendanceDate], [Section_Id], [Student_Id]) VALUES (411, N'Absent', CAST(N'2025-03-25' AS Date), 1, 46)
INSERT [dbo].[Attendance] ([ID], [Status], [AttendanceDate], [Section_Id], [Student_Id]) VALUES (412, N'Absent', CAST(N'2025-03-26' AS Date), 7, 46)
INSERT [dbo].[Attendance] ([ID], [Status], [AttendanceDate], [Section_Id], [Student_Id]) VALUES (413, N'Present', CAST(N'2025-03-25' AS Date), 7, 46)
INSERT [dbo].[Attendance] ([ID], [Status], [AttendanceDate], [Section_Id], [Student_Id]) VALUES (414, N'Present', CAST(N'2025-03-23' AS Date), 7, 46)
INSERT [dbo].[Attendance] ([ID], [Status], [AttendanceDate], [Section_Id], [Student_Id]) VALUES (415, N'Absent', CAST(N'2025-03-26' AS Date), 4, 47)
INSERT [dbo].[Attendance] ([ID], [Status], [AttendanceDate], [Section_Id], [Student_Id]) VALUES (416, N'Present', CAST(N'2025-03-11' AS Date), 4, 47)
INSERT [dbo].[Attendance] ([ID], [Status], [AttendanceDate], [Section_Id], [Student_Id]) VALUES (417, N'Absent', CAST(N'2025-03-01' AS Date), 4, 47)
INSERT [dbo].[Attendance] ([ID], [Status], [AttendanceDate], [Section_Id], [Student_Id]) VALUES (418, N'Present', CAST(N'2025-03-08' AS Date), 5, 47)
INSERT [dbo].[Attendance] ([ID], [Status], [AttendanceDate], [Section_Id], [Student_Id]) VALUES (419, N'Present', CAST(N'2025-03-26' AS Date), 5, 47)
INSERT [dbo].[Attendance] ([ID], [Status], [AttendanceDate], [Section_Id], [Student_Id]) VALUES (420, N'Present', CAST(N'2025-03-16' AS Date), 5, 47)
INSERT [dbo].[Attendance] ([ID], [Status], [AttendanceDate], [Section_Id], [Student_Id]) VALUES (421, N'Absent', CAST(N'2025-03-11' AS Date), 8, 47)
INSERT [dbo].[Attendance] ([ID], [Status], [AttendanceDate], [Section_Id], [Student_Id]) VALUES (422, N'Present', CAST(N'2025-03-20' AS Date), 8, 47)
INSERT [dbo].[Attendance] ([ID], [Status], [AttendanceDate], [Section_Id], [Student_Id]) VALUES (423, N'Present', CAST(N'2025-03-05' AS Date), 8, 47)
INSERT [dbo].[Attendance] ([ID], [Status], [AttendanceDate], [Section_Id], [Student_Id]) VALUES (424, N'Present', CAST(N'2025-03-08' AS Date), 9, 48)
INSERT [dbo].[Attendance] ([ID], [Status], [AttendanceDate], [Section_Id], [Student_Id]) VALUES (425, N'Present', CAST(N'2025-03-05' AS Date), 9, 48)
INSERT [dbo].[Attendance] ([ID], [Status], [AttendanceDate], [Section_Id], [Student_Id]) VALUES (426, N'Absent', CAST(N'2025-03-08' AS Date), 9, 48)
INSERT [dbo].[Attendance] ([ID], [Status], [AttendanceDate], [Section_Id], [Student_Id]) VALUES (427, N'Absent', CAST(N'2025-03-27' AS Date), 8, 48)
INSERT [dbo].[Attendance] ([ID], [Status], [AttendanceDate], [Section_Id], [Student_Id]) VALUES (428, N'Present', CAST(N'2025-03-10' AS Date), 8, 48)
INSERT [dbo].[Attendance] ([ID], [Status], [AttendanceDate], [Section_Id], [Student_Id]) VALUES (429, N'Absent', CAST(N'2025-03-08' AS Date), 8, 48)
INSERT [dbo].[Attendance] ([ID], [Status], [AttendanceDate], [Section_Id], [Student_Id]) VALUES (430, N'Present', CAST(N'2025-03-23' AS Date), 3, 48)
INSERT [dbo].[Attendance] ([ID], [Status], [AttendanceDate], [Section_Id], [Student_Id]) VALUES (431, N'Absent', CAST(N'2025-03-08' AS Date), 3, 48)
INSERT [dbo].[Attendance] ([ID], [Status], [AttendanceDate], [Section_Id], [Student_Id]) VALUES (432, N'Present', CAST(N'2025-03-10' AS Date), 3, 48)
INSERT [dbo].[Attendance] ([ID], [Status], [AttendanceDate], [Section_Id], [Student_Id]) VALUES (433, N'Present', CAST(N'2025-03-17' AS Date), 7, 49)
INSERT [dbo].[Attendance] ([ID], [Status], [AttendanceDate], [Section_Id], [Student_Id]) VALUES (434, N'Absent', CAST(N'2025-03-06' AS Date), 7, 49)
INSERT [dbo].[Attendance] ([ID], [Status], [AttendanceDate], [Section_Id], [Student_Id]) VALUES (435, N'Absent', CAST(N'2025-03-02' AS Date), 7, 49)
INSERT [dbo].[Attendance] ([ID], [Status], [AttendanceDate], [Section_Id], [Student_Id]) VALUES (436, N'Present', CAST(N'2025-03-11' AS Date), 5, 49)
INSERT [dbo].[Attendance] ([ID], [Status], [AttendanceDate], [Section_Id], [Student_Id]) VALUES (437, N'Present', CAST(N'2025-03-06' AS Date), 5, 49)
INSERT [dbo].[Attendance] ([ID], [Status], [AttendanceDate], [Section_Id], [Student_Id]) VALUES (438, N'Present', CAST(N'2025-03-14' AS Date), 5, 49)
INSERT [dbo].[Attendance] ([ID], [Status], [AttendanceDate], [Section_Id], [Student_Id]) VALUES (439, N'Absent', CAST(N'2025-03-08' AS Date), 2, 49)
INSERT [dbo].[Attendance] ([ID], [Status], [AttendanceDate], [Section_Id], [Student_Id]) VALUES (440, N'Present', CAST(N'2025-03-25' AS Date), 2, 49)
INSERT [dbo].[Attendance] ([ID], [Status], [AttendanceDate], [Section_Id], [Student_Id]) VALUES (441, N'Present', CAST(N'2025-03-05' AS Date), 2, 49)
INSERT [dbo].[Attendance] ([ID], [Status], [AttendanceDate], [Section_Id], [Student_Id]) VALUES (442, N'Present', CAST(N'2025-03-27' AS Date), 6, 50)
INSERT [dbo].[Attendance] ([ID], [Status], [AttendanceDate], [Section_Id], [Student_Id]) VALUES (443, N'Present', CAST(N'2025-03-15' AS Date), 6, 50)
INSERT [dbo].[Attendance] ([ID], [Status], [AttendanceDate], [Section_Id], [Student_Id]) VALUES (444, N'Present', CAST(N'2025-03-22' AS Date), 6, 50)
INSERT [dbo].[Attendance] ([ID], [Status], [AttendanceDate], [Section_Id], [Student_Id]) VALUES (445, N'Absent', CAST(N'2025-03-03' AS Date), 1, 50)
INSERT [dbo].[Attendance] ([ID], [Status], [AttendanceDate], [Section_Id], [Student_Id]) VALUES (446, N'Present', CAST(N'2025-03-05' AS Date), 1, 50)
INSERT [dbo].[Attendance] ([ID], [Status], [AttendanceDate], [Section_Id], [Student_Id]) VALUES (447, N'Absent', CAST(N'2025-03-18' AS Date), 1, 50)
INSERT [dbo].[Attendance] ([ID], [Status], [AttendanceDate], [Section_Id], [Student_Id]) VALUES (448, N'Absent', CAST(N'2025-03-28' AS Date), 5, 50)
INSERT [dbo].[Attendance] ([ID], [Status], [AttendanceDate], [Section_Id], [Student_Id]) VALUES (449, N'Present', CAST(N'2025-03-22' AS Date), 5, 50)
INSERT [dbo].[Attendance] ([ID], [Status], [AttendanceDate], [Section_Id], [Student_Id]) VALUES (450, N'Present', CAST(N'2025-03-13' AS Date), 5, 50)
SET IDENTITY_INSERT [dbo].[Attendance] OFF
GO
SET IDENTITY_INSERT [dbo].[Courses] ON 

INSERT [dbo].[Courses] ([ID], [Name], [Credit], [Description]) VALUES (1, N'Database Systems', 3, N'Database Systems course description')
INSERT [dbo].[Courses] ([ID], [Name], [Credit], [Description]) VALUES (2, N'Data Structures', 3, N'Data Structures course description')
INSERT [dbo].[Courses] ([ID], [Name], [Credit], [Description]) VALUES (3, N'Marketing Basics', 2, N'Marketing Basics course description')
INSERT [dbo].[Courses] ([ID], [Name], [Credit], [Description]) VALUES (4, N'Algorithms', 3, N'Algorithms course description')
INSERT [dbo].[Courses] ([ID], [Name], [Credit], [Description]) VALUES (5, N'Networking', 3, N'Networking course description')
SET IDENTITY_INSERT [dbo].[Courses] OFF
GO
SET IDENTITY_INSERT [dbo].[Departments] ON 

INSERT [dbo].[Departments] ([ID], [Name], [HOD]) VALUES (1, N'Computer Science', N'Dr. Omar Awad')
INSERT [dbo].[Departments] ([ID], [Name], [HOD]) VALUES (2, N'Electrical Engineering', N'Dr. Omar Odeh')
INSERT [dbo].[Departments] ([ID], [Name], [HOD]) VALUES (3, N'Business Administration', N'Dr. Lina Ahmad')
SET IDENTITY_INSERT [dbo].[Departments] OFF
GO
SET IDENTITY_INSERT [dbo].[Grades] ON 

INSERT [dbo].[Grades] ([ID], [Grade], [Section_Id], [Student_Id]) VALUES (1, 84.11, 10, 1)
INSERT [dbo].[Grades] ([ID], [Grade], [Section_Id], [Student_Id]) VALUES (2, 94.83, 2, 1)
INSERT [dbo].[Grades] ([ID], [Grade], [Section_Id], [Student_Id]) VALUES (3, 87.78, 9, 1)
INSERT [dbo].[Grades] ([ID], [Grade], [Section_Id], [Student_Id]) VALUES (4, 88.4, 10, 2)
INSERT [dbo].[Grades] ([ID], [Grade], [Section_Id], [Student_Id]) VALUES (5, 97.05, 2, 2)
INSERT [dbo].[Grades] ([ID], [Grade], [Section_Id], [Student_Id]) VALUES (6, 97.24, 6, 2)
INSERT [dbo].[Grades] ([ID], [Grade], [Section_Id], [Student_Id]) VALUES (7, 89.17, 10, 3)
INSERT [dbo].[Grades] ([ID], [Grade], [Section_Id], [Student_Id]) VALUES (8, 82.12, 9, 3)
INSERT [dbo].[Grades] ([ID], [Grade], [Section_Id], [Student_Id]) VALUES (9, 88.85, 5, 3)
INSERT [dbo].[Grades] ([ID], [Grade], [Section_Id], [Student_Id]) VALUES (10, 67.55, 6, 4)
INSERT [dbo].[Grades] ([ID], [Grade], [Section_Id], [Student_Id]) VALUES (11, 68.53, 9, 4)
INSERT [dbo].[Grades] ([ID], [Grade], [Section_Id], [Student_Id]) VALUES (12, 98.71, 10, 4)
INSERT [dbo].[Grades] ([ID], [Grade], [Section_Id], [Student_Id]) VALUES (13, 93.78, 10, 5)
INSERT [dbo].[Grades] ([ID], [Grade], [Section_Id], [Student_Id]) VALUES (14, 81.46, 5, 5)
INSERT [dbo].[Grades] ([ID], [Grade], [Section_Id], [Student_Id]) VALUES (15, 99.94, 8, 5)
INSERT [dbo].[Grades] ([ID], [Grade], [Section_Id], [Student_Id]) VALUES (16, 81.72, 4, 6)
INSERT [dbo].[Grades] ([ID], [Grade], [Section_Id], [Student_Id]) VALUES (17, 85.42, 5, 6)
INSERT [dbo].[Grades] ([ID], [Grade], [Section_Id], [Student_Id]) VALUES (18, 86.53, 10, 6)
INSERT [dbo].[Grades] ([ID], [Grade], [Section_Id], [Student_Id]) VALUES (19, 65.54, 3, 7)
INSERT [dbo].[Grades] ([ID], [Grade], [Section_Id], [Student_Id]) VALUES (20, 68.52, 2, 7)
INSERT [dbo].[Grades] ([ID], [Grade], [Section_Id], [Student_Id]) VALUES (21, 77.86, 9, 7)
INSERT [dbo].[Grades] ([ID], [Grade], [Section_Id], [Student_Id]) VALUES (22, 78.71, 7, 8)
INSERT [dbo].[Grades] ([ID], [Grade], [Section_Id], [Student_Id]) VALUES (23, 70.07, 6, 8)
INSERT [dbo].[Grades] ([ID], [Grade], [Section_Id], [Student_Id]) VALUES (24, 61.4, 1, 8)
INSERT [dbo].[Grades] ([ID], [Grade], [Section_Id], [Student_Id]) VALUES (25, 82.23, 2, 9)
INSERT [dbo].[Grades] ([ID], [Grade], [Section_Id], [Student_Id]) VALUES (26, 97.94, 1, 9)
INSERT [dbo].[Grades] ([ID], [Grade], [Section_Id], [Student_Id]) VALUES (27, 71.53, 5, 9)
INSERT [dbo].[Grades] ([ID], [Grade], [Section_Id], [Student_Id]) VALUES (28, 63.73, 1, 10)
INSERT [dbo].[Grades] ([ID], [Grade], [Section_Id], [Student_Id]) VALUES (29, 84.01, 4, 10)
INSERT [dbo].[Grades] ([ID], [Grade], [Section_Id], [Student_Id]) VALUES (30, 97.66, 5, 10)
INSERT [dbo].[Grades] ([ID], [Grade], [Section_Id], [Student_Id]) VALUES (31, 63.69, 4, 11)
INSERT [dbo].[Grades] ([ID], [Grade], [Section_Id], [Student_Id]) VALUES (32, 65.73, 6, 11)
INSERT [dbo].[Grades] ([ID], [Grade], [Section_Id], [Student_Id]) VALUES (33, 91.22, 8, 11)
INSERT [dbo].[Grades] ([ID], [Grade], [Section_Id], [Student_Id]) VALUES (34, 93.41, 4, 12)
INSERT [dbo].[Grades] ([ID], [Grade], [Section_Id], [Student_Id]) VALUES (35, 97.82, 3, 12)
INSERT [dbo].[Grades] ([ID], [Grade], [Section_Id], [Student_Id]) VALUES (36, 80.73, 10, 12)
INSERT [dbo].[Grades] ([ID], [Grade], [Section_Id], [Student_Id]) VALUES (37, 64.79, 4, 13)
INSERT [dbo].[Grades] ([ID], [Grade], [Section_Id], [Student_Id]) VALUES (38, 97.84, 6, 13)
INSERT [dbo].[Grades] ([ID], [Grade], [Section_Id], [Student_Id]) VALUES (39, 64.56, 3, 13)
INSERT [dbo].[Grades] ([ID], [Grade], [Section_Id], [Student_Id]) VALUES (40, 83.8, 5, 14)
INSERT [dbo].[Grades] ([ID], [Grade], [Section_Id], [Student_Id]) VALUES (41, 69.55, 6, 14)
INSERT [dbo].[Grades] ([ID], [Grade], [Section_Id], [Student_Id]) VALUES (42, 94.66, 9, 14)
INSERT [dbo].[Grades] ([ID], [Grade], [Section_Id], [Student_Id]) VALUES (43, 71.77, 8, 15)
INSERT [dbo].[Grades] ([ID], [Grade], [Section_Id], [Student_Id]) VALUES (44, 98.27, 3, 15)
INSERT [dbo].[Grades] ([ID], [Grade], [Section_Id], [Student_Id]) VALUES (45, 89.14, 5, 15)
INSERT [dbo].[Grades] ([ID], [Grade], [Section_Id], [Student_Id]) VALUES (46, 65.03, 4, 16)
INSERT [dbo].[Grades] ([ID], [Grade], [Section_Id], [Student_Id]) VALUES (47, 82.69, 2, 16)
INSERT [dbo].[Grades] ([ID], [Grade], [Section_Id], [Student_Id]) VALUES (48, 79.87, 8, 16)
INSERT [dbo].[Grades] ([ID], [Grade], [Section_Id], [Student_Id]) VALUES (49, 83.16, 1, 17)
INSERT [dbo].[Grades] ([ID], [Grade], [Section_Id], [Student_Id]) VALUES (50, 88.91, 3, 17)
INSERT [dbo].[Grades] ([ID], [Grade], [Section_Id], [Student_Id]) VALUES (51, 60.21, 7, 17)
INSERT [dbo].[Grades] ([ID], [Grade], [Section_Id], [Student_Id]) VALUES (52, 69.27, 9, 18)
INSERT [dbo].[Grades] ([ID], [Grade], [Section_Id], [Student_Id]) VALUES (53, 78.11, 10, 18)
INSERT [dbo].[Grades] ([ID], [Grade], [Section_Id], [Student_Id]) VALUES (54, 84.18, 3, 18)
INSERT [dbo].[Grades] ([ID], [Grade], [Section_Id], [Student_Id]) VALUES (55, 99.14, 10, 19)
INSERT [dbo].[Grades] ([ID], [Grade], [Section_Id], [Student_Id]) VALUES (56, 72.39, 2, 19)
INSERT [dbo].[Grades] ([ID], [Grade], [Section_Id], [Student_Id]) VALUES (57, 60.42, 7, 19)
INSERT [dbo].[Grades] ([ID], [Grade], [Section_Id], [Student_Id]) VALUES (58, 98.8, 10, 20)
INSERT [dbo].[Grades] ([ID], [Grade], [Section_Id], [Student_Id]) VALUES (59, 73.06, 2, 20)
INSERT [dbo].[Grades] ([ID], [Grade], [Section_Id], [Student_Id]) VALUES (60, 98.27, 9, 20)
INSERT [dbo].[Grades] ([ID], [Grade], [Section_Id], [Student_Id]) VALUES (61, 62.77, 10, 21)
INSERT [dbo].[Grades] ([ID], [Grade], [Section_Id], [Student_Id]) VALUES (62, 98.41, 1, 21)
INSERT [dbo].[Grades] ([ID], [Grade], [Section_Id], [Student_Id]) VALUES (63, 80, 7, 21)
INSERT [dbo].[Grades] ([ID], [Grade], [Section_Id], [Student_Id]) VALUES (64, 96.47, 7, 22)
INSERT [dbo].[Grades] ([ID], [Grade], [Section_Id], [Student_Id]) VALUES (65, 85.33, 4, 22)
INSERT [dbo].[Grades] ([ID], [Grade], [Section_Id], [Student_Id]) VALUES (66, 73.59, 1, 22)
INSERT [dbo].[Grades] ([ID], [Grade], [Section_Id], [Student_Id]) VALUES (67, 60.59, 9, 23)
INSERT [dbo].[Grades] ([ID], [Grade], [Section_Id], [Student_Id]) VALUES (68, 70, 2, 23)
INSERT [dbo].[Grades] ([ID], [Grade], [Section_Id], [Student_Id]) VALUES (69, 85.13, 5, 23)
INSERT [dbo].[Grades] ([ID], [Grade], [Section_Id], [Student_Id]) VALUES (70, 91, 9, 24)
INSERT [dbo].[Grades] ([ID], [Grade], [Section_Id], [Student_Id]) VALUES (71, 98.93, 2, 24)
INSERT [dbo].[Grades] ([ID], [Grade], [Section_Id], [Student_Id]) VALUES (72, 87.15, 7, 24)
INSERT [dbo].[Grades] ([ID], [Grade], [Section_Id], [Student_Id]) VALUES (73, 76.78, 6, 25)
INSERT [dbo].[Grades] ([ID], [Grade], [Section_Id], [Student_Id]) VALUES (74, 68.15, 7, 25)
INSERT [dbo].[Grades] ([ID], [Grade], [Section_Id], [Student_Id]) VALUES (75, 77.32, 5, 25)
INSERT [dbo].[Grades] ([ID], [Grade], [Section_Id], [Student_Id]) VALUES (76, 68.64, 6, 26)
INSERT [dbo].[Grades] ([ID], [Grade], [Section_Id], [Student_Id]) VALUES (77, 68.01, 5, 26)
INSERT [dbo].[Grades] ([ID], [Grade], [Section_Id], [Student_Id]) VALUES (78, 65.87, 3, 26)
INSERT [dbo].[Grades] ([ID], [Grade], [Section_Id], [Student_Id]) VALUES (79, 98.12, 5, 27)
INSERT [dbo].[Grades] ([ID], [Grade], [Section_Id], [Student_Id]) VALUES (80, 74.59, 6, 27)
INSERT [dbo].[Grades] ([ID], [Grade], [Section_Id], [Student_Id]) VALUES (81, 62, 3, 27)
INSERT [dbo].[Grades] ([ID], [Grade], [Section_Id], [Student_Id]) VALUES (82, 87.98, 2, 28)
INSERT [dbo].[Grades] ([ID], [Grade], [Section_Id], [Student_Id]) VALUES (83, 98.34, 5, 28)
INSERT [dbo].[Grades] ([ID], [Grade], [Section_Id], [Student_Id]) VALUES (84, 86.25, 3, 28)
INSERT [dbo].[Grades] ([ID], [Grade], [Section_Id], [Student_Id]) VALUES (85, 85.87, 8, 29)
INSERT [dbo].[Grades] ([ID], [Grade], [Section_Id], [Student_Id]) VALUES (86, 66.74, 7, 29)
INSERT [dbo].[Grades] ([ID], [Grade], [Section_Id], [Student_Id]) VALUES (87, 87.47, 10, 29)
INSERT [dbo].[Grades] ([ID], [Grade], [Section_Id], [Student_Id]) VALUES (88, 93, 9, 30)
INSERT [dbo].[Grades] ([ID], [Grade], [Section_Id], [Student_Id]) VALUES (89, 81.4, 8, 30)
INSERT [dbo].[Grades] ([ID], [Grade], [Section_Id], [Student_Id]) VALUES (90, 92.07, 1, 30)
INSERT [dbo].[Grades] ([ID], [Grade], [Section_Id], [Student_Id]) VALUES (91, 60.8, 4, 31)
INSERT [dbo].[Grades] ([ID], [Grade], [Section_Id], [Student_Id]) VALUES (92, 77.72, 5, 31)
INSERT [dbo].[Grades] ([ID], [Grade], [Section_Id], [Student_Id]) VALUES (93, 80.97, 1, 31)
INSERT [dbo].[Grades] ([ID], [Grade], [Section_Id], [Student_Id]) VALUES (94, 87.35, 3, 32)
INSERT [dbo].[Grades] ([ID], [Grade], [Section_Id], [Student_Id]) VALUES (95, 92.39, 5, 32)
INSERT [dbo].[Grades] ([ID], [Grade], [Section_Id], [Student_Id]) VALUES (96, 77.33, 8, 32)
INSERT [dbo].[Grades] ([ID], [Grade], [Section_Id], [Student_Id]) VALUES (97, 92.18, 1, 33)
INSERT [dbo].[Grades] ([ID], [Grade], [Section_Id], [Student_Id]) VALUES (98, 96.69, 4, 33)
INSERT [dbo].[Grades] ([ID], [Grade], [Section_Id], [Student_Id]) VALUES (99, 63.37, 3, 33)
GO
INSERT [dbo].[Grades] ([ID], [Grade], [Section_Id], [Student_Id]) VALUES (100, 95.48, 7, 34)
INSERT [dbo].[Grades] ([ID], [Grade], [Section_Id], [Student_Id]) VALUES (101, 76.77, 6, 34)
INSERT [dbo].[Grades] ([ID], [Grade], [Section_Id], [Student_Id]) VALUES (102, 97.45, 3, 34)
INSERT [dbo].[Grades] ([ID], [Grade], [Section_Id], [Student_Id]) VALUES (103, 74.44, 6, 35)
INSERT [dbo].[Grades] ([ID], [Grade], [Section_Id], [Student_Id]) VALUES (104, 88.59, 9, 35)
INSERT [dbo].[Grades] ([ID], [Grade], [Section_Id], [Student_Id]) VALUES (105, 66.77, 10, 35)
INSERT [dbo].[Grades] ([ID], [Grade], [Section_Id], [Student_Id]) VALUES (106, 64.16, 6, 36)
INSERT [dbo].[Grades] ([ID], [Grade], [Section_Id], [Student_Id]) VALUES (107, 78.94, 8, 36)
INSERT [dbo].[Grades] ([ID], [Grade], [Section_Id], [Student_Id]) VALUES (108, 62.01, 3, 36)
INSERT [dbo].[Grades] ([ID], [Grade], [Section_Id], [Student_Id]) VALUES (109, 66.3, 7, 37)
INSERT [dbo].[Grades] ([ID], [Grade], [Section_Id], [Student_Id]) VALUES (110, 83.84, 8, 37)
INSERT [dbo].[Grades] ([ID], [Grade], [Section_Id], [Student_Id]) VALUES (111, 70.63, 5, 37)
INSERT [dbo].[Grades] ([ID], [Grade], [Section_Id], [Student_Id]) VALUES (112, 77.41, 2, 38)
INSERT [dbo].[Grades] ([ID], [Grade], [Section_Id], [Student_Id]) VALUES (113, 78.15, 7, 38)
INSERT [dbo].[Grades] ([ID], [Grade], [Section_Id], [Student_Id]) VALUES (114, 69.94, 10, 38)
INSERT [dbo].[Grades] ([ID], [Grade], [Section_Id], [Student_Id]) VALUES (115, 74.06, 8, 39)
INSERT [dbo].[Grades] ([ID], [Grade], [Section_Id], [Student_Id]) VALUES (116, 96.01, 1, 39)
INSERT [dbo].[Grades] ([ID], [Grade], [Section_Id], [Student_Id]) VALUES (117, 72.31, 9, 39)
INSERT [dbo].[Grades] ([ID], [Grade], [Section_Id], [Student_Id]) VALUES (118, 95.71, 8, 40)
INSERT [dbo].[Grades] ([ID], [Grade], [Section_Id], [Student_Id]) VALUES (119, 61.54, 9, 40)
INSERT [dbo].[Grades] ([ID], [Grade], [Section_Id], [Student_Id]) VALUES (120, 83.36, 1, 40)
INSERT [dbo].[Grades] ([ID], [Grade], [Section_Id], [Student_Id]) VALUES (121, 87.75, 3, 41)
INSERT [dbo].[Grades] ([ID], [Grade], [Section_Id], [Student_Id]) VALUES (122, 71.89, 5, 41)
INSERT [dbo].[Grades] ([ID], [Grade], [Section_Id], [Student_Id]) VALUES (123, 84.28, 7, 41)
INSERT [dbo].[Grades] ([ID], [Grade], [Section_Id], [Student_Id]) VALUES (124, 65.09, 9, 42)
INSERT [dbo].[Grades] ([ID], [Grade], [Section_Id], [Student_Id]) VALUES (125, 77.29, 5, 42)
INSERT [dbo].[Grades] ([ID], [Grade], [Section_Id], [Student_Id]) VALUES (126, 75.48, 7, 42)
INSERT [dbo].[Grades] ([ID], [Grade], [Section_Id], [Student_Id]) VALUES (127, 86.41, 1, 43)
INSERT [dbo].[Grades] ([ID], [Grade], [Section_Id], [Student_Id]) VALUES (128, 63.45, 3, 43)
INSERT [dbo].[Grades] ([ID], [Grade], [Section_Id], [Student_Id]) VALUES (129, 86.45, 10, 43)
INSERT [dbo].[Grades] ([ID], [Grade], [Section_Id], [Student_Id]) VALUES (130, 63.04, 6, 44)
INSERT [dbo].[Grades] ([ID], [Grade], [Section_Id], [Student_Id]) VALUES (131, 94.93, 1, 44)
INSERT [dbo].[Grades] ([ID], [Grade], [Section_Id], [Student_Id]) VALUES (132, 67.12, 8, 44)
INSERT [dbo].[Grades] ([ID], [Grade], [Section_Id], [Student_Id]) VALUES (133, 84.87, 5, 45)
INSERT [dbo].[Grades] ([ID], [Grade], [Section_Id], [Student_Id]) VALUES (134, 94.69, 9, 45)
INSERT [dbo].[Grades] ([ID], [Grade], [Section_Id], [Student_Id]) VALUES (135, 88.49, 2, 45)
INSERT [dbo].[Grades] ([ID], [Grade], [Section_Id], [Student_Id]) VALUES (136, 93.62, 8, 46)
INSERT [dbo].[Grades] ([ID], [Grade], [Section_Id], [Student_Id]) VALUES (137, 86.75, 1, 46)
INSERT [dbo].[Grades] ([ID], [Grade], [Section_Id], [Student_Id]) VALUES (138, 81.61, 7, 46)
INSERT [dbo].[Grades] ([ID], [Grade], [Section_Id], [Student_Id]) VALUES (139, 77.21, 4, 47)
INSERT [dbo].[Grades] ([ID], [Grade], [Section_Id], [Student_Id]) VALUES (140, 86.91, 5, 47)
INSERT [dbo].[Grades] ([ID], [Grade], [Section_Id], [Student_Id]) VALUES (141, 82.59, 8, 47)
INSERT [dbo].[Grades] ([ID], [Grade], [Section_Id], [Student_Id]) VALUES (142, 71.94, 9, 48)
INSERT [dbo].[Grades] ([ID], [Grade], [Section_Id], [Student_Id]) VALUES (143, 98.19, 8, 48)
INSERT [dbo].[Grades] ([ID], [Grade], [Section_Id], [Student_Id]) VALUES (144, 74.54, 3, 48)
INSERT [dbo].[Grades] ([ID], [Grade], [Section_Id], [Student_Id]) VALUES (145, 61.93, 7, 49)
INSERT [dbo].[Grades] ([ID], [Grade], [Section_Id], [Student_Id]) VALUES (146, 98.62, 5, 49)
INSERT [dbo].[Grades] ([ID], [Grade], [Section_Id], [Student_Id]) VALUES (147, 74.64, 2, 49)
INSERT [dbo].[Grades] ([ID], [Grade], [Section_Id], [Student_Id]) VALUES (148, 94.33, 6, 50)
INSERT [dbo].[Grades] ([ID], [Grade], [Section_Id], [Student_Id]) VALUES (149, 93.25, 1, 50)
INSERT [dbo].[Grades] ([ID], [Grade], [Section_Id], [Student_Id]) VALUES (150, 84.14, 5, 50)
SET IDENTITY_INSERT [dbo].[Grades] OFF
GO
INSERT [dbo].[Instructor_Emails] ([Instructor_Id], [Email]) VALUES (1, N'instructor1@univ.edu')
INSERT [dbo].[Instructor_Emails] ([Instructor_Id], [Email]) VALUES (2, N'instructor2@univ.edu')
INSERT [dbo].[Instructor_Emails] ([Instructor_Id], [Email]) VALUES (3, N'instructor3@univ.edu')
INSERT [dbo].[Instructor_Emails] ([Instructor_Id], [Email]) VALUES (4, N'instructor4@univ.edu')
INSERT [dbo].[Instructor_Emails] ([Instructor_Id], [Email]) VALUES (5, N'instructor5@univ.edu')
INSERT [dbo].[Instructor_Emails] ([Instructor_Id], [Email]) VALUES (6, N'instructor6@univ.edu')
INSERT [dbo].[Instructor_Emails] ([Instructor_Id], [Email]) VALUES (7, N'instructor7@univ.edu')
INSERT [dbo].[Instructor_Emails] ([Instructor_Id], [Email]) VALUES (8, N'instructor8@univ.edu')
INSERT [dbo].[Instructor_Emails] ([Instructor_Id], [Email]) VALUES (9, N'instructor9@univ.edu')
INSERT [dbo].[Instructor_Emails] ([Instructor_Id], [Email]) VALUES (10, N'instructor10@univ.edu')
GO
INSERT [dbo].[Instructor_Phones] ([Instructor_Id], [Phone]) VALUES (1, N'0794264745')
INSERT [dbo].[Instructor_Phones] ([Instructor_Id], [Phone]) VALUES (2, N'0794508396')
INSERT [dbo].[Instructor_Phones] ([Instructor_Id], [Phone]) VALUES (3, N'0799623545')
INSERT [dbo].[Instructor_Phones] ([Instructor_Id], [Phone]) VALUES (4, N'0792442413')
INSERT [dbo].[Instructor_Phones] ([Instructor_Id], [Phone]) VALUES (5, N'0794995782')
INSERT [dbo].[Instructor_Phones] ([Instructor_Id], [Phone]) VALUES (6, N'0791889799')
INSERT [dbo].[Instructor_Phones] ([Instructor_Id], [Phone]) VALUES (7, N'0798588687')
INSERT [dbo].[Instructor_Phones] ([Instructor_Id], [Phone]) VALUES (8, N'0799064791')
INSERT [dbo].[Instructor_Phones] ([Instructor_Id], [Phone]) VALUES (9, N'0792649917')
INSERT [dbo].[Instructor_Phones] ([Instructor_Id], [Phone]) VALUES (10, N'0797693566')
GO
SET IDENTITY_INSERT [dbo].[Instructors] ON 

INSERT [dbo].[Instructors] ([ID], [FirstName], [LastName], [Specialization], [Department_Id]) VALUES (1, N'Ali', N'Zein', N'Accounting', 1)
INSERT [dbo].[Instructors] ([ID], [FirstName], [LastName], [Specialization], [Department_Id]) VALUES (2, N'Khaled', N'Salem', N'AI', 2)
INSERT [dbo].[Instructors] ([ID], [FirstName], [LastName], [Specialization], [Department_Id]) VALUES (3, N'Alaa', N'Zein', N'Software Eng', 1)
INSERT [dbo].[Instructors] ([ID], [FirstName], [LastName], [Specialization], [Department_Id]) VALUES (4, N'Noor', N'Farah', N'AI', 1)
INSERT [dbo].[Instructors] ([ID], [FirstName], [LastName], [Specialization], [Department_Id]) VALUES (5, N'Ali', N'Nassar', N'AI', 3)
INSERT [dbo].[Instructors] ([ID], [FirstName], [LastName], [Specialization], [Department_Id]) VALUES (6, N'Hani', N'Ahmad', N'Networks', 3)
INSERT [dbo].[Instructors] ([ID], [FirstName], [LastName], [Specialization], [Department_Id]) VALUES (7, N'Ali', N'Khatib', N'Software Eng', 2)
INSERT [dbo].[Instructors] ([ID], [FirstName], [LastName], [Specialization], [Department_Id]) VALUES (8, N'Mona', N'Nassar', N'AI', 1)
INSERT [dbo].[Instructors] ([ID], [FirstName], [LastName], [Specialization], [Department_Id]) VALUES (9, N'Alaa', N'Awad', N'Accounting', 3)
INSERT [dbo].[Instructors] ([ID], [FirstName], [LastName], [Specialization], [Department_Id]) VALUES (10, N'Lina', N'Hussein', N'Accounting', 1)
SET IDENTITY_INSERT [dbo].[Instructors] OFF
GO
SET IDENTITY_INSERT [dbo].[Sections] ON 

INSERT [dbo].[Sections] ([ID], [Name], [MaxCapacity], [Course_Id], [Instructor_Id]) VALUES (1, N'Sec-1', 22, 3, 9)
INSERT [dbo].[Sections] ([ID], [Name], [MaxCapacity], [Course_Id], [Instructor_Id]) VALUES (2, N'Sec-2', 22, 4, 4)
INSERT [dbo].[Sections] ([ID], [Name], [MaxCapacity], [Course_Id], [Instructor_Id]) VALUES (3, N'Sec-3', 35, 3, 8)
INSERT [dbo].[Sections] ([ID], [Name], [MaxCapacity], [Course_Id], [Instructor_Id]) VALUES (4, N'Sec-4', 29, 4, 9)
INSERT [dbo].[Sections] ([ID], [Name], [MaxCapacity], [Course_Id], [Instructor_Id]) VALUES (5, N'Sec-5', 23, 5, 7)
INSERT [dbo].[Sections] ([ID], [Name], [MaxCapacity], [Course_Id], [Instructor_Id]) VALUES (6, N'Sec-6', 31, 1, 9)
INSERT [dbo].[Sections] ([ID], [Name], [MaxCapacity], [Course_Id], [Instructor_Id]) VALUES (7, N'Sec-7', 20, 2, 9)
INSERT [dbo].[Sections] ([ID], [Name], [MaxCapacity], [Course_Id], [Instructor_Id]) VALUES (8, N'Sec-8', 30, 1, 5)
INSERT [dbo].[Sections] ([ID], [Name], [MaxCapacity], [Course_Id], [Instructor_Id]) VALUES (9, N'Sec-9', 29, 5, 5)
INSERT [dbo].[Sections] ([ID], [Name], [MaxCapacity], [Course_Id], [Instructor_Id]) VALUES (10, N'Sec-10', 24, 1, 8)
SET IDENTITY_INSERT [dbo].[Sections] OFF
GO
INSERT [dbo].[Student_Phones] ([Student_id], [Phone]) VALUES (1, N'0781567458')
INSERT [dbo].[Student_Phones] ([Student_id], [Phone]) VALUES (2, N'0783986645')
INSERT [dbo].[Student_Phones] ([Student_id], [Phone]) VALUES (3, N'0785871093')
INSERT [dbo].[Student_Phones] ([Student_id], [Phone]) VALUES (4, N'0784732897')
INSERT [dbo].[Student_Phones] ([Student_id], [Phone]) VALUES (5, N'0787574754')
INSERT [dbo].[Student_Phones] ([Student_id], [Phone]) VALUES (6, N'0785590539')
INSERT [dbo].[Student_Phones] ([Student_id], [Phone]) VALUES (7, N'0781785995')
INSERT [dbo].[Student_Phones] ([Student_id], [Phone]) VALUES (8, N'0784330265')
INSERT [dbo].[Student_Phones] ([Student_id], [Phone]) VALUES (9, N'0788703870')
INSERT [dbo].[Student_Phones] ([Student_id], [Phone]) VALUES (10, N'0785878152')
INSERT [dbo].[Student_Phones] ([Student_id], [Phone]) VALUES (11, N'0782708795')
INSERT [dbo].[Student_Phones] ([Student_id], [Phone]) VALUES (12, N'0784901488')
INSERT [dbo].[Student_Phones] ([Student_id], [Phone]) VALUES (13, N'0788232693')
INSERT [dbo].[Student_Phones] ([Student_id], [Phone]) VALUES (14, N'0788920501')
INSERT [dbo].[Student_Phones] ([Student_id], [Phone]) VALUES (15, N'0788991142')
INSERT [dbo].[Student_Phones] ([Student_id], [Phone]) VALUES (16, N'0785438407')
INSERT [dbo].[Student_Phones] ([Student_id], [Phone]) VALUES (17, N'0785752229')
INSERT [dbo].[Student_Phones] ([Student_id], [Phone]) VALUES (18, N'0786643539')
INSERT [dbo].[Student_Phones] ([Student_id], [Phone]) VALUES (19, N'0787911974')
INSERT [dbo].[Student_Phones] ([Student_id], [Phone]) VALUES (20, N'0782831692')
INSERT [dbo].[Student_Phones] ([Student_id], [Phone]) VALUES (21, N'0785955896')
INSERT [dbo].[Student_Phones] ([Student_id], [Phone]) VALUES (22, N'0785272761')
INSERT [dbo].[Student_Phones] ([Student_id], [Phone]) VALUES (23, N'0783360763')
INSERT [dbo].[Student_Phones] ([Student_id], [Phone]) VALUES (24, N'0786558135')
INSERT [dbo].[Student_Phones] ([Student_id], [Phone]) VALUES (25, N'0787107542')
INSERT [dbo].[Student_Phones] ([Student_id], [Phone]) VALUES (26, N'0782595318')
INSERT [dbo].[Student_Phones] ([Student_id], [Phone]) VALUES (27, N'0787502922')
INSERT [dbo].[Student_Phones] ([Student_id], [Phone]) VALUES (28, N'0782169690')
INSERT [dbo].[Student_Phones] ([Student_id], [Phone]) VALUES (29, N'0782289674')
INSERT [dbo].[Student_Phones] ([Student_id], [Phone]) VALUES (30, N'0781233866')
INSERT [dbo].[Student_Phones] ([Student_id], [Phone]) VALUES (31, N'0785338327')
INSERT [dbo].[Student_Phones] ([Student_id], [Phone]) VALUES (32, N'0782269326')
INSERT [dbo].[Student_Phones] ([Student_id], [Phone]) VALUES (33, N'0782066682')
INSERT [dbo].[Student_Phones] ([Student_id], [Phone]) VALUES (34, N'0786792536')
INSERT [dbo].[Student_Phones] ([Student_id], [Phone]) VALUES (35, N'0783556236')
INSERT [dbo].[Student_Phones] ([Student_id], [Phone]) VALUES (36, N'0784984785')
INSERT [dbo].[Student_Phones] ([Student_id], [Phone]) VALUES (37, N'0781398595')
INSERT [dbo].[Student_Phones] ([Student_id], [Phone]) VALUES (38, N'0788277898')
INSERT [dbo].[Student_Phones] ([Student_id], [Phone]) VALUES (39, N'0782473528')
INSERT [dbo].[Student_Phones] ([Student_id], [Phone]) VALUES (40, N'0787735800')
INSERT [dbo].[Student_Phones] ([Student_id], [Phone]) VALUES (41, N'0786291759')
INSERT [dbo].[Student_Phones] ([Student_id], [Phone]) VALUES (42, N'0786726626')
INSERT [dbo].[Student_Phones] ([Student_id], [Phone]) VALUES (43, N'0786727693')
INSERT [dbo].[Student_Phones] ([Student_id], [Phone]) VALUES (44, N'0789061682')
INSERT [dbo].[Student_Phones] ([Student_id], [Phone]) VALUES (45, N'0782878421')
INSERT [dbo].[Student_Phones] ([Student_id], [Phone]) VALUES (46, N'0785184342')
INSERT [dbo].[Student_Phones] ([Student_id], [Phone]) VALUES (47, N'0786641532')
INSERT [dbo].[Student_Phones] ([Student_id], [Phone]) VALUES (48, N'0787997440')
INSERT [dbo].[Student_Phones] ([Student_id], [Phone]) VALUES (49, N'0783649401')
INSERT [dbo].[Student_Phones] ([Student_id], [Phone]) VALUES (50, N'0781697759')
GO
INSERT [dbo].[Student_Sections] ([Student_Id], [Section_Id]) VALUES (1, 2)
INSERT [dbo].[Student_Sections] ([Student_Id], [Section_Id]) VALUES (1, 9)
INSERT [dbo].[Student_Sections] ([Student_Id], [Section_Id]) VALUES (1, 10)
INSERT [dbo].[Student_Sections] ([Student_Id], [Section_Id]) VALUES (2, 2)
INSERT [dbo].[Student_Sections] ([Student_Id], [Section_Id]) VALUES (2, 6)
INSERT [dbo].[Student_Sections] ([Student_Id], [Section_Id]) VALUES (2, 10)
INSERT [dbo].[Student_Sections] ([Student_Id], [Section_Id]) VALUES (3, 5)
INSERT [dbo].[Student_Sections] ([Student_Id], [Section_Id]) VALUES (3, 9)
INSERT [dbo].[Student_Sections] ([Student_Id], [Section_Id]) VALUES (3, 10)
INSERT [dbo].[Student_Sections] ([Student_Id], [Section_Id]) VALUES (4, 6)
INSERT [dbo].[Student_Sections] ([Student_Id], [Section_Id]) VALUES (4, 9)
INSERT [dbo].[Student_Sections] ([Student_Id], [Section_Id]) VALUES (4, 10)
INSERT [dbo].[Student_Sections] ([Student_Id], [Section_Id]) VALUES (5, 5)
INSERT [dbo].[Student_Sections] ([Student_Id], [Section_Id]) VALUES (5, 8)
INSERT [dbo].[Student_Sections] ([Student_Id], [Section_Id]) VALUES (5, 10)
INSERT [dbo].[Student_Sections] ([Student_Id], [Section_Id]) VALUES (6, 4)
INSERT [dbo].[Student_Sections] ([Student_Id], [Section_Id]) VALUES (6, 5)
INSERT [dbo].[Student_Sections] ([Student_Id], [Section_Id]) VALUES (6, 10)
INSERT [dbo].[Student_Sections] ([Student_Id], [Section_Id]) VALUES (7, 2)
INSERT [dbo].[Student_Sections] ([Student_Id], [Section_Id]) VALUES (7, 3)
INSERT [dbo].[Student_Sections] ([Student_Id], [Section_Id]) VALUES (7, 9)
INSERT [dbo].[Student_Sections] ([Student_Id], [Section_Id]) VALUES (8, 1)
INSERT [dbo].[Student_Sections] ([Student_Id], [Section_Id]) VALUES (8, 6)
INSERT [dbo].[Student_Sections] ([Student_Id], [Section_Id]) VALUES (8, 7)
INSERT [dbo].[Student_Sections] ([Student_Id], [Section_Id]) VALUES (9, 1)
INSERT [dbo].[Student_Sections] ([Student_Id], [Section_Id]) VALUES (9, 2)
INSERT [dbo].[Student_Sections] ([Student_Id], [Section_Id]) VALUES (9, 5)
INSERT [dbo].[Student_Sections] ([Student_Id], [Section_Id]) VALUES (10, 1)
INSERT [dbo].[Student_Sections] ([Student_Id], [Section_Id]) VALUES (10, 4)
INSERT [dbo].[Student_Sections] ([Student_Id], [Section_Id]) VALUES (10, 5)
INSERT [dbo].[Student_Sections] ([Student_Id], [Section_Id]) VALUES (11, 4)
INSERT [dbo].[Student_Sections] ([Student_Id], [Section_Id]) VALUES (11, 6)
INSERT [dbo].[Student_Sections] ([Student_Id], [Section_Id]) VALUES (11, 8)
INSERT [dbo].[Student_Sections] ([Student_Id], [Section_Id]) VALUES (12, 3)
INSERT [dbo].[Student_Sections] ([Student_Id], [Section_Id]) VALUES (12, 4)
INSERT [dbo].[Student_Sections] ([Student_Id], [Section_Id]) VALUES (12, 10)
INSERT [dbo].[Student_Sections] ([Student_Id], [Section_Id]) VALUES (13, 3)
INSERT [dbo].[Student_Sections] ([Student_Id], [Section_Id]) VALUES (13, 4)
INSERT [dbo].[Student_Sections] ([Student_Id], [Section_Id]) VALUES (13, 6)
INSERT [dbo].[Student_Sections] ([Student_Id], [Section_Id]) VALUES (14, 5)
INSERT [dbo].[Student_Sections] ([Student_Id], [Section_Id]) VALUES (14, 6)
INSERT [dbo].[Student_Sections] ([Student_Id], [Section_Id]) VALUES (14, 9)
INSERT [dbo].[Student_Sections] ([Student_Id], [Section_Id]) VALUES (15, 3)
INSERT [dbo].[Student_Sections] ([Student_Id], [Section_Id]) VALUES (15, 5)
INSERT [dbo].[Student_Sections] ([Student_Id], [Section_Id]) VALUES (15, 8)
INSERT [dbo].[Student_Sections] ([Student_Id], [Section_Id]) VALUES (16, 2)
INSERT [dbo].[Student_Sections] ([Student_Id], [Section_Id]) VALUES (16, 4)
INSERT [dbo].[Student_Sections] ([Student_Id], [Section_Id]) VALUES (16, 8)
INSERT [dbo].[Student_Sections] ([Student_Id], [Section_Id]) VALUES (17, 1)
INSERT [dbo].[Student_Sections] ([Student_Id], [Section_Id]) VALUES (17, 3)
INSERT [dbo].[Student_Sections] ([Student_Id], [Section_Id]) VALUES (17, 7)
INSERT [dbo].[Student_Sections] ([Student_Id], [Section_Id]) VALUES (18, 3)
INSERT [dbo].[Student_Sections] ([Student_Id], [Section_Id]) VALUES (18, 9)
INSERT [dbo].[Student_Sections] ([Student_Id], [Section_Id]) VALUES (18, 10)
INSERT [dbo].[Student_Sections] ([Student_Id], [Section_Id]) VALUES (19, 2)
INSERT [dbo].[Student_Sections] ([Student_Id], [Section_Id]) VALUES (19, 7)
INSERT [dbo].[Student_Sections] ([Student_Id], [Section_Id]) VALUES (19, 10)
INSERT [dbo].[Student_Sections] ([Student_Id], [Section_Id]) VALUES (20, 2)
INSERT [dbo].[Student_Sections] ([Student_Id], [Section_Id]) VALUES (20, 9)
INSERT [dbo].[Student_Sections] ([Student_Id], [Section_Id]) VALUES (20, 10)
INSERT [dbo].[Student_Sections] ([Student_Id], [Section_Id]) VALUES (21, 1)
INSERT [dbo].[Student_Sections] ([Student_Id], [Section_Id]) VALUES (21, 7)
INSERT [dbo].[Student_Sections] ([Student_Id], [Section_Id]) VALUES (21, 10)
INSERT [dbo].[Student_Sections] ([Student_Id], [Section_Id]) VALUES (22, 1)
INSERT [dbo].[Student_Sections] ([Student_Id], [Section_Id]) VALUES (22, 4)
INSERT [dbo].[Student_Sections] ([Student_Id], [Section_Id]) VALUES (22, 7)
INSERT [dbo].[Student_Sections] ([Student_Id], [Section_Id]) VALUES (23, 2)
INSERT [dbo].[Student_Sections] ([Student_Id], [Section_Id]) VALUES (23, 5)
INSERT [dbo].[Student_Sections] ([Student_Id], [Section_Id]) VALUES (23, 9)
INSERT [dbo].[Student_Sections] ([Student_Id], [Section_Id]) VALUES (24, 2)
INSERT [dbo].[Student_Sections] ([Student_Id], [Section_Id]) VALUES (24, 7)
INSERT [dbo].[Student_Sections] ([Student_Id], [Section_Id]) VALUES (24, 9)
INSERT [dbo].[Student_Sections] ([Student_Id], [Section_Id]) VALUES (25, 5)
INSERT [dbo].[Student_Sections] ([Student_Id], [Section_Id]) VALUES (25, 6)
INSERT [dbo].[Student_Sections] ([Student_Id], [Section_Id]) VALUES (25, 7)
INSERT [dbo].[Student_Sections] ([Student_Id], [Section_Id]) VALUES (26, 3)
INSERT [dbo].[Student_Sections] ([Student_Id], [Section_Id]) VALUES (26, 5)
INSERT [dbo].[Student_Sections] ([Student_Id], [Section_Id]) VALUES (26, 6)
INSERT [dbo].[Student_Sections] ([Student_Id], [Section_Id]) VALUES (27, 3)
INSERT [dbo].[Student_Sections] ([Student_Id], [Section_Id]) VALUES (27, 5)
INSERT [dbo].[Student_Sections] ([Student_Id], [Section_Id]) VALUES (27, 6)
INSERT [dbo].[Student_Sections] ([Student_Id], [Section_Id]) VALUES (28, 2)
INSERT [dbo].[Student_Sections] ([Student_Id], [Section_Id]) VALUES (28, 3)
INSERT [dbo].[Student_Sections] ([Student_Id], [Section_Id]) VALUES (28, 5)
INSERT [dbo].[Student_Sections] ([Student_Id], [Section_Id]) VALUES (29, 7)
INSERT [dbo].[Student_Sections] ([Student_Id], [Section_Id]) VALUES (29, 8)
INSERT [dbo].[Student_Sections] ([Student_Id], [Section_Id]) VALUES (29, 10)
INSERT [dbo].[Student_Sections] ([Student_Id], [Section_Id]) VALUES (30, 1)
INSERT [dbo].[Student_Sections] ([Student_Id], [Section_Id]) VALUES (30, 8)
INSERT [dbo].[Student_Sections] ([Student_Id], [Section_Id]) VALUES (30, 9)
INSERT [dbo].[Student_Sections] ([Student_Id], [Section_Id]) VALUES (31, 1)
INSERT [dbo].[Student_Sections] ([Student_Id], [Section_Id]) VALUES (31, 4)
INSERT [dbo].[Student_Sections] ([Student_Id], [Section_Id]) VALUES (31, 5)
INSERT [dbo].[Student_Sections] ([Student_Id], [Section_Id]) VALUES (32, 3)
INSERT [dbo].[Student_Sections] ([Student_Id], [Section_Id]) VALUES (32, 5)
INSERT [dbo].[Student_Sections] ([Student_Id], [Section_Id]) VALUES (32, 8)
INSERT [dbo].[Student_Sections] ([Student_Id], [Section_Id]) VALUES (33, 1)
INSERT [dbo].[Student_Sections] ([Student_Id], [Section_Id]) VALUES (33, 3)
INSERT [dbo].[Student_Sections] ([Student_Id], [Section_Id]) VALUES (33, 4)
INSERT [dbo].[Student_Sections] ([Student_Id], [Section_Id]) VALUES (34, 3)
GO
INSERT [dbo].[Student_Sections] ([Student_Id], [Section_Id]) VALUES (34, 6)
INSERT [dbo].[Student_Sections] ([Student_Id], [Section_Id]) VALUES (34, 7)
INSERT [dbo].[Student_Sections] ([Student_Id], [Section_Id]) VALUES (35, 6)
INSERT [dbo].[Student_Sections] ([Student_Id], [Section_Id]) VALUES (35, 9)
INSERT [dbo].[Student_Sections] ([Student_Id], [Section_Id]) VALUES (35, 10)
INSERT [dbo].[Student_Sections] ([Student_Id], [Section_Id]) VALUES (36, 3)
INSERT [dbo].[Student_Sections] ([Student_Id], [Section_Id]) VALUES (36, 6)
INSERT [dbo].[Student_Sections] ([Student_Id], [Section_Id]) VALUES (36, 8)
INSERT [dbo].[Student_Sections] ([Student_Id], [Section_Id]) VALUES (37, 5)
INSERT [dbo].[Student_Sections] ([Student_Id], [Section_Id]) VALUES (37, 7)
INSERT [dbo].[Student_Sections] ([Student_Id], [Section_Id]) VALUES (37, 8)
INSERT [dbo].[Student_Sections] ([Student_Id], [Section_Id]) VALUES (38, 2)
INSERT [dbo].[Student_Sections] ([Student_Id], [Section_Id]) VALUES (38, 7)
INSERT [dbo].[Student_Sections] ([Student_Id], [Section_Id]) VALUES (38, 10)
INSERT [dbo].[Student_Sections] ([Student_Id], [Section_Id]) VALUES (39, 1)
INSERT [dbo].[Student_Sections] ([Student_Id], [Section_Id]) VALUES (39, 8)
INSERT [dbo].[Student_Sections] ([Student_Id], [Section_Id]) VALUES (39, 9)
INSERT [dbo].[Student_Sections] ([Student_Id], [Section_Id]) VALUES (40, 1)
INSERT [dbo].[Student_Sections] ([Student_Id], [Section_Id]) VALUES (40, 8)
INSERT [dbo].[Student_Sections] ([Student_Id], [Section_Id]) VALUES (40, 9)
INSERT [dbo].[Student_Sections] ([Student_Id], [Section_Id]) VALUES (41, 3)
INSERT [dbo].[Student_Sections] ([Student_Id], [Section_Id]) VALUES (41, 5)
INSERT [dbo].[Student_Sections] ([Student_Id], [Section_Id]) VALUES (41, 7)
INSERT [dbo].[Student_Sections] ([Student_Id], [Section_Id]) VALUES (42, 5)
INSERT [dbo].[Student_Sections] ([Student_Id], [Section_Id]) VALUES (42, 7)
INSERT [dbo].[Student_Sections] ([Student_Id], [Section_Id]) VALUES (42, 9)
INSERT [dbo].[Student_Sections] ([Student_Id], [Section_Id]) VALUES (43, 1)
INSERT [dbo].[Student_Sections] ([Student_Id], [Section_Id]) VALUES (43, 3)
INSERT [dbo].[Student_Sections] ([Student_Id], [Section_Id]) VALUES (43, 10)
INSERT [dbo].[Student_Sections] ([Student_Id], [Section_Id]) VALUES (44, 1)
INSERT [dbo].[Student_Sections] ([Student_Id], [Section_Id]) VALUES (44, 6)
INSERT [dbo].[Student_Sections] ([Student_Id], [Section_Id]) VALUES (44, 8)
INSERT [dbo].[Student_Sections] ([Student_Id], [Section_Id]) VALUES (45, 2)
INSERT [dbo].[Student_Sections] ([Student_Id], [Section_Id]) VALUES (45, 5)
INSERT [dbo].[Student_Sections] ([Student_Id], [Section_Id]) VALUES (45, 9)
INSERT [dbo].[Student_Sections] ([Student_Id], [Section_Id]) VALUES (46, 1)
INSERT [dbo].[Student_Sections] ([Student_Id], [Section_Id]) VALUES (46, 7)
INSERT [dbo].[Student_Sections] ([Student_Id], [Section_Id]) VALUES (46, 8)
INSERT [dbo].[Student_Sections] ([Student_Id], [Section_Id]) VALUES (47, 4)
INSERT [dbo].[Student_Sections] ([Student_Id], [Section_Id]) VALUES (47, 5)
INSERT [dbo].[Student_Sections] ([Student_Id], [Section_Id]) VALUES (47, 8)
INSERT [dbo].[Student_Sections] ([Student_Id], [Section_Id]) VALUES (48, 3)
INSERT [dbo].[Student_Sections] ([Student_Id], [Section_Id]) VALUES (48, 8)
INSERT [dbo].[Student_Sections] ([Student_Id], [Section_Id]) VALUES (48, 9)
INSERT [dbo].[Student_Sections] ([Student_Id], [Section_Id]) VALUES (49, 2)
INSERT [dbo].[Student_Sections] ([Student_Id], [Section_Id]) VALUES (49, 5)
INSERT [dbo].[Student_Sections] ([Student_Id], [Section_Id]) VALUES (49, 7)
INSERT [dbo].[Student_Sections] ([Student_Id], [Section_Id]) VALUES (50, 1)
INSERT [dbo].[Student_Sections] ([Student_Id], [Section_Id]) VALUES (50, 5)
INSERT [dbo].[Student_Sections] ([Student_Id], [Section_Id]) VALUES (50, 6)
GO
SET IDENTITY_INSERT [dbo].[Students] ON 

INSERT [dbo].[Students] ([id], [FirstName], [LastName], [DOB], [Email], [Gender], [Address], [Department_Id]) VALUES (1, N'Mona', N'Hussein', CAST(N'2004-12-01' AS Date), N'mona.hussein1@example.com', N'Female', N'Irbid, Jordan', 1)
INSERT [dbo].[Students] ([id], [FirstName], [LastName], [DOB], [Email], [Gender], [Address], [Department_Id]) VALUES (2, N'Hani', N'Nassar', CAST(N'2003-12-14' AS Date), N'hani.nassar2@example.com', N'Female', N'Amman, Jordan', 3)
INSERT [dbo].[Students] ([id], [FirstName], [LastName], [DOB], [Email], [Gender], [Address], [Department_Id]) VALUES (3, N'Hani', N'Zein', CAST(N'2001-05-13' AS Date), N'hani.zein3@example.com', N'Female', N'Zarqa, Jordan', 1)
INSERT [dbo].[Students] ([id], [FirstName], [LastName], [DOB], [Email], [Gender], [Address], [Department_Id]) VALUES (4, N'Hani', N'Farah', CAST(N'1997-03-01' AS Date), N'hani.farah4@example.com', N'Female', N'Amman, Jordan', 1)
INSERT [dbo].[Students] ([id], [FirstName], [LastName], [DOB], [Email], [Gender], [Address], [Department_Id]) VALUES (5, N'Alaa', N'Zein', CAST(N'2000-09-21' AS Date), N'alaa.zein5@example.com', N'Male', N'Zarqa, Jordan', 1)
INSERT [dbo].[Students] ([id], [FirstName], [LastName], [DOB], [Email], [Gender], [Address], [Department_Id]) VALUES (6, N'Omar', N'Ahmad', CAST(N'2001-04-10' AS Date), N'omar.ahmad6@example.com', N'Male', N'Irbid, Jordan', 3)
INSERT [dbo].[Students] ([id], [FirstName], [LastName], [DOB], [Email], [Gender], [Address], [Department_Id]) VALUES (7, N'Noor', N'Farah', CAST(N'1997-11-23' AS Date), N'noor.farah7@example.com', N'Male', N'Irbid, Jordan', 3)
INSERT [dbo].[Students] ([id], [FirstName], [LastName], [DOB], [Email], [Gender], [Address], [Department_Id]) VALUES (8, N'Hani', N'Hussein', CAST(N'2002-10-20' AS Date), N'hani.hussein8@example.com', N'Female', N'Zarqa, Jordan', 3)
INSERT [dbo].[Students] ([id], [FirstName], [LastName], [DOB], [Email], [Gender], [Address], [Department_Id]) VALUES (9, N'Omar', N'Odeh', CAST(N'1995-06-14' AS Date), N'omar.odeh9@example.com', N'Male', N'Zarqa, Jordan', 2)
INSERT [dbo].[Students] ([id], [FirstName], [LastName], [DOB], [Email], [Gender], [Address], [Department_Id]) VALUES (10, N'Noor', N'Farah', CAST(N'1995-11-15' AS Date), N'noor.farah10@example.com', N'Male', N'Amman, Jordan', 2)
INSERT [dbo].[Students] ([id], [FirstName], [LastName], [DOB], [Email], [Gender], [Address], [Department_Id]) VALUES (11, N'Sara', N'Odeh', CAST(N'2005-10-11' AS Date), N'sara.odeh11@example.com', N'Male', N'Irbid, Jordan', 1)
INSERT [dbo].[Students] ([id], [FirstName], [LastName], [DOB], [Email], [Gender], [Address], [Department_Id]) VALUES (12, N'Alaa', N'Farah', CAST(N'2001-11-28' AS Date), N'alaa.farah12@example.com', N'Male', N'Irbid, Jordan', 3)
INSERT [dbo].[Students] ([id], [FirstName], [LastName], [DOB], [Email], [Gender], [Address], [Department_Id]) VALUES (13, N'Tariq', N'Ahmad', CAST(N'2004-10-24' AS Date), N'tariq.ahmad13@example.com', N'Female', N'Amman, Jordan', 3)
INSERT [dbo].[Students] ([id], [FirstName], [LastName], [DOB], [Email], [Gender], [Address], [Department_Id]) VALUES (14, N'Tariq', N'Nassar', CAST(N'1999-11-03' AS Date), N'tariq.nassar14@example.com', N'Female', N'Irbid, Jordan', 1)
INSERT [dbo].[Students] ([id], [FirstName], [LastName], [DOB], [Email], [Gender], [Address], [Department_Id]) VALUES (15, N'Tariq', N'Khatib', CAST(N'1998-05-05' AS Date), N'tariq.khatib15@example.com', N'Female', N'Zarqa, Jordan', 2)
INSERT [dbo].[Students] ([id], [FirstName], [LastName], [DOB], [Email], [Gender], [Address], [Department_Id]) VALUES (16, N'Noor', N'Nassar', CAST(N'2000-02-20' AS Date), N'noor.nassar16@example.com', N'Male', N'Irbid, Jordan', 1)
INSERT [dbo].[Students] ([id], [FirstName], [LastName], [DOB], [Email], [Gender], [Address], [Department_Id]) VALUES (17, N'Omar', N'Farah', CAST(N'2003-11-05' AS Date), N'omar.farah17@example.com', N'Male', N'Zarqa, Jordan', 3)
INSERT [dbo].[Students] ([id], [FirstName], [LastName], [DOB], [Email], [Gender], [Address], [Department_Id]) VALUES (18, N'Khaled', N'Odeh', CAST(N'1999-03-23' AS Date), N'khaled.odeh18@example.com', N'Male', N'Amman, Jordan', 1)
INSERT [dbo].[Students] ([id], [FirstName], [LastName], [DOB], [Email], [Gender], [Address], [Department_Id]) VALUES (19, N'Hani', N'Zein', CAST(N'2002-11-17' AS Date), N'hani.zein19@example.com', N'Male', N'Irbid, Jordan', 3)
INSERT [dbo].[Students] ([id], [FirstName], [LastName], [DOB], [Email], [Gender], [Address], [Department_Id]) VALUES (20, N'Omar', N'Hammoudeh', CAST(N'1995-10-20' AS Date), N'omar.hammoudeh20@example.com', N'Male', N'Zarqa, Jordan', 1)
INSERT [dbo].[Students] ([id], [FirstName], [LastName], [DOB], [Email], [Gender], [Address], [Department_Id]) VALUES (21, N'Ali', N'Ahmad', CAST(N'1995-11-21' AS Date), N'ali.ahmad21@example.com', N'Female', N'Amman, Jordan', 2)
INSERT [dbo].[Students] ([id], [FirstName], [LastName], [DOB], [Email], [Gender], [Address], [Department_Id]) VALUES (22, N'Alaa', N'Ahmad', CAST(N'2002-02-10' AS Date), N'alaa.ahmad22@example.com', N'Female', N'Amman, Jordan', 3)
INSERT [dbo].[Students] ([id], [FirstName], [LastName], [DOB], [Email], [Gender], [Address], [Department_Id]) VALUES (23, N'Tariq', N'Salem', CAST(N'2005-01-05' AS Date), N'tariq.salem23@example.com', N'Male', N'Irbid, Jordan', 2)
INSERT [dbo].[Students] ([id], [FirstName], [LastName], [DOB], [Email], [Gender], [Address], [Department_Id]) VALUES (24, N'Noor', N'Salem', CAST(N'1997-09-24' AS Date), N'noor.salem24@example.com', N'Male', N'Amman, Jordan', 2)
INSERT [dbo].[Students] ([id], [FirstName], [LastName], [DOB], [Email], [Gender], [Address], [Department_Id]) VALUES (25, N'Noor', N'Odeh', CAST(N'2004-11-21' AS Date), N'noor.odeh25@example.com', N'Female', N'Amman, Jordan', 2)
INSERT [dbo].[Students] ([id], [FirstName], [LastName], [DOB], [Email], [Gender], [Address], [Department_Id]) VALUES (26, N'Noor', N'Hussein', CAST(N'2001-02-11' AS Date), N'noor.hussein26@example.com', N'Female', N'Amman, Jordan', 2)
INSERT [dbo].[Students] ([id], [FirstName], [LastName], [DOB], [Email], [Gender], [Address], [Department_Id]) VALUES (27, N'Tariq', N'Khatib', CAST(N'1998-09-27' AS Date), N'tariq.khatib27@example.com', N'Female', N'Zarqa, Jordan', 3)
INSERT [dbo].[Students] ([id], [FirstName], [LastName], [DOB], [Email], [Gender], [Address], [Department_Id]) VALUES (28, N'Lina', N'Awad', CAST(N'2004-01-26' AS Date), N'lina.awad28@example.com', N'Female', N'Amman, Jordan', 3)
INSERT [dbo].[Students] ([id], [FirstName], [LastName], [DOB], [Email], [Gender], [Address], [Department_Id]) VALUES (29, N'Hani', N'Ahmad', CAST(N'1997-10-15' AS Date), N'hani.ahmad29@example.com', N'Female', N'Amman, Jordan', 1)
INSERT [dbo].[Students] ([id], [FirstName], [LastName], [DOB], [Email], [Gender], [Address], [Department_Id]) VALUES (30, N'Hani', N'Farah', CAST(N'1999-06-04' AS Date), N'hani.farah30@example.com', N'Female', N'Amman, Jordan', 2)
INSERT [dbo].[Students] ([id], [FirstName], [LastName], [DOB], [Email], [Gender], [Address], [Department_Id]) VALUES (31, N'Khaled', N'Farah', CAST(N'2000-03-16' AS Date), N'khaled.farah31@example.com', N'Male', N'Amman, Jordan', 1)
INSERT [dbo].[Students] ([id], [FirstName], [LastName], [DOB], [Email], [Gender], [Address], [Department_Id]) VALUES (32, N'Hani', N'Hammoudeh', CAST(N'2000-09-10' AS Date), N'hani.hammoudeh32@example.com', N'Female', N'Zarqa, Jordan', 2)
INSERT [dbo].[Students] ([id], [FirstName], [LastName], [DOB], [Email], [Gender], [Address], [Department_Id]) VALUES (33, N'Ali', N'Hussein', CAST(N'1996-12-24' AS Date), N'ali.hussein33@example.com', N'Female', N'Irbid, Jordan', 1)
INSERT [dbo].[Students] ([id], [FirstName], [LastName], [DOB], [Email], [Gender], [Address], [Department_Id]) VALUES (34, N'Omar', N'Zein', CAST(N'2000-05-24' AS Date), N'omar.zein34@example.com', N'Male', N'Irbid, Jordan', 2)
INSERT [dbo].[Students] ([id], [FirstName], [LastName], [DOB], [Email], [Gender], [Address], [Department_Id]) VALUES (35, N'Hani', N'Odeh', CAST(N'2003-11-16' AS Date), N'hani.odeh35@example.com', N'Male', N'Amman, Jordan', 1)
INSERT [dbo].[Students] ([id], [FirstName], [LastName], [DOB], [Email], [Gender], [Address], [Department_Id]) VALUES (36, N'Omar', N'Hammoudeh', CAST(N'2005-10-25' AS Date), N'omar.hammoudeh36@example.com', N'Male', N'Amman, Jordan', 3)
INSERT [dbo].[Students] ([id], [FirstName], [LastName], [DOB], [Email], [Gender], [Address], [Department_Id]) VALUES (37, N'Alaa', N'Nassar', CAST(N'2004-02-20' AS Date), N'alaa.nassar37@example.com', N'Male', N'Zarqa, Jordan', 1)
INSERT [dbo].[Students] ([id], [FirstName], [LastName], [DOB], [Email], [Gender], [Address], [Department_Id]) VALUES (38, N'Khaled', N'Awad', CAST(N'1998-11-24' AS Date), N'khaled.awad38@example.com', N'Male', N'Zarqa, Jordan', 2)
INSERT [dbo].[Students] ([id], [FirstName], [LastName], [DOB], [Email], [Gender], [Address], [Department_Id]) VALUES (39, N'Mona', N'Khatib', CAST(N'2004-04-10' AS Date), N'mona.khatib39@example.com', N'Male', N'Amman, Jordan', 3)
INSERT [dbo].[Students] ([id], [FirstName], [LastName], [DOB], [Email], [Gender], [Address], [Department_Id]) VALUES (40, N'Khaled', N'Nassar', CAST(N'2000-07-28' AS Date), N'khaled.nassar40@example.com', N'Male', N'Irbid, Jordan', 3)
INSERT [dbo].[Students] ([id], [FirstName], [LastName], [DOB], [Email], [Gender], [Address], [Department_Id]) VALUES (41, N'Omar', N'Zein', CAST(N'2001-04-09' AS Date), N'omar.zein41@example.com', N'Female', N'Zarqa, Jordan', 3)
INSERT [dbo].[Students] ([id], [FirstName], [LastName], [DOB], [Email], [Gender], [Address], [Department_Id]) VALUES (42, N'Lina', N'Zein', CAST(N'1997-11-10' AS Date), N'lina.zein42@example.com', N'Male', N'Zarqa, Jordan', 3)
INSERT [dbo].[Students] ([id], [FirstName], [LastName], [DOB], [Email], [Gender], [Address], [Department_Id]) VALUES (43, N'Tariq', N'Odeh', CAST(N'2005-06-11' AS Date), N'tariq.odeh43@example.com', N'Female', N'Amman, Jordan', 3)
INSERT [dbo].[Students] ([id], [FirstName], [LastName], [DOB], [Email], [Gender], [Address], [Department_Id]) VALUES (44, N'Alaa', N'Zein', CAST(N'1995-10-22' AS Date), N'alaa.zein44@example.com', N'Female', N'Irbid, Jordan', 2)
INSERT [dbo].[Students] ([id], [FirstName], [LastName], [DOB], [Email], [Gender], [Address], [Department_Id]) VALUES (45, N'Alaa', N'Khatib', CAST(N'2001-06-22' AS Date), N'alaa.khatib45@example.com', N'Female', N'Irbid, Jordan', 2)
INSERT [dbo].[Students] ([id], [FirstName], [LastName], [DOB], [Email], [Gender], [Address], [Department_Id]) VALUES (46, N'Lina', N'Nassar', CAST(N'1996-01-18' AS Date), N'lina.nassar46@example.com', N'Male', N'Amman, Jordan', 2)
INSERT [dbo].[Students] ([id], [FirstName], [LastName], [DOB], [Email], [Gender], [Address], [Department_Id]) VALUES (47, N'Ali', N'Zein', CAST(N'2004-08-16' AS Date), N'ali.zein47@example.com', N'Female', N'Amman, Jordan', 3)
INSERT [dbo].[Students] ([id], [FirstName], [LastName], [DOB], [Email], [Gender], [Address], [Department_Id]) VALUES (48, N'Ali', N'Nassar', CAST(N'2002-07-24' AS Date), N'ali.nassar48@example.com', N'Female', N'Amman, Jordan', 3)
INSERT [dbo].[Students] ([id], [FirstName], [LastName], [DOB], [Email], [Gender], [Address], [Department_Id]) VALUES (49, N'Lina', N'Odeh', CAST(N'2001-06-26' AS Date), N'lina.odeh49@example.com', N'Male', N'Amman, Jordan', 1)
INSERT [dbo].[Students] ([id], [FirstName], [LastName], [DOB], [Email], [Gender], [Address], [Department_Id]) VALUES (50, N'Noor', N'Ahmad', CAST(N'1996-04-28' AS Date), N'noor.ahmad50@example.com', N'Male', N'Irbid, Jordan', 1)
SET IDENTITY_INSERT [dbo].[Students] OFF